word,label
atọ m,POSITIVE
gbụ kwe gị,NEGATIVE
ga abara,POSITIVE
iberiberi,NEGATIVE
mebi,NEGATIVE
i ga dị,POSITIVE
obi kpo kwara unu akpo,NEGATIVE
enweghi m ike,NEGATIVE
igwe bụ ike,POSITIVE
di aso,POSITIVE
mmụọ nso,NEGATIVE
odumeje,POSITIVE
gbuo m,NEGATIVE
ònwù,NEGATIVE
deeme,POSITIVE
ike gi agwula,NEGATIVE
naagba mbọ,POSITIVE
ekenekwaa,POSITIVE
nnanyelugo,POSITIVE
gaagozi,POSITIVE
isi adiro,NEGATIVE
so nma,POSITIVE
nukwu nmadu,POSITIVE
onweghi,NEGATIVE
meruo gi aru,NEGATIVE
ndu na atoya uto,POSITIVE
gosim uzo,POSITIVE
kpolia,NEGATIVE
ọ dozi akụ,POSITIVE
ne me mma,POSITIVE
eme bi go,NEGATIVE
eme mma,POSITIVE
ri jụọ nsị,NEGATIVE
dike,POSITIVE
ndi oshi,NEGATIVE
mara ma,POSITIVE
apụghị,NEGATIVE
malụ mma,POSITIVE
gbagburu,NEGATIVE
kwezuenu,POSITIVE
oma,POSITIVE
dicha oku,NEGATIVE
oluekwensu,NEGATIVE
chekwaba ndu,POSITIVE
ga e gbu,NEGATIVE
tufiakwa,NEGATIVE
nkita lacha gi anya,NEGATIVE
gbuo mmadu,NEGATIVE
otuto,POSITIVE
iberibe ‍️,NEGATIVE
ntị ike,NEGATIVE
gbaghara,POSITIVE
akpali mmadu,NEGATIVE
meela,POSITIVE
fugbue gi,NEGATIVE
anaghí,NEGATIVE
guru ike,NEGATIVE
naakom,NEGATIVE
ogwu ego,NEGATIVE
kụọ,NEGATIVE
akpi ogbara,NEGATIVE
onye àlà,NEGATIVE
isi adikwa gi,NEGATIVE
agwugo mu,NEGATIVE
ike gi agwụ go,NEGATIVE
gwo ogwu ego,NEGATIVE
chọọ okwu,NEGATIVE
di nma,POSITIVE
imeela,POSITIVE
ofụma,POSITIVE
karịa,POSITIVE
obi ụfụ,NEGATIVE
dị gị mma,POSITIVE
erigbu,NEGATIVE
onye ohi,NEGATIVE
ekenebe,POSITIVE
ayi ala,NEGATIVE
ajo ihe,NEGATIVE
nwenne,POSITIVE
onyenwe m,POSITIVE
yesa gi ara,NEGATIVE
onu ọjọọ,NEGATIVE
owuite,NEGATIVE
ala na apu,NEGATIVE
agbụ e,NEGATIVE
tagburu,NEGATIVE
chineke,POSITIVE
nke oma,POSITIVE
onye nzoputa,POSITIVE
nsopuru,POSITIVE
nnọọ️,POSITIVE
obi uto,POSITIVE
okaka,POSITIVE
takpuchie,NEGATIVE
ojo lu,NEGATIVE
utó,POSITIVE
obianuju,POSITIVE
mmeme,NEGATIVE
ahụike,POSITIVE
oyim,POSITIVE
cho okwu,NEGATIVE
nghọta,POSITIVE
gozikwuo,POSITIVE
agwụ go,NEGATIVE
nnwanem,POSITIVE
nsogbu,NEGATIVE
lasia gi anya,NEGATIVE
enwegi,NEGATIVE
kele,POSITIVE
nnukwu mkpa,POSITIVE
tufia,NEGATIVE
anuofia ‍️‍️,NEGATIVE
onye ara ️,NEGATIVE
enwu oku,NEGATIVE
obi ufu,NEGATIVE
amarozim,NEGATIVE
duwagi,NEGATIVE
okala mmuo,NEGATIVE
na esekwa okwu,NEGATIVE
gị bụ nsi,NEGATIVE
ezekwueche,POSITIVE
kara aka,POSITIVE
kwụdosieike,POSITIVE
omakazi,POSITIVE
ji isi kote,POSITIVE
ufû obi,NEGATIVE
tisago,NEGATIVE
kpachara anyi,NEGATIVE
biri kwe,POSITIVE
ndo nne,POSITIVE
onye ojo,NEGATIVE
iburo kwa,NEGATIVE
ogbanje,NEGATIVE
uwa mmebi,NEGATIVE
ugo,POSITIVE
ekwu eme,POSITIVE
ezendigbo,POSITIVE
ga araputa,NEGATIVE
onyeara,NEGATIVE
emegbu,NEGATIVE
ya gazikwara,POSITIVE
mebiri,NEGATIVE
anuofia,NEGATIVE
ike gwu‍️,NEGATIVE
osebuluwa,POSITIVE
nmeri,NEGATIVE
onye eze,POSITIVE
ezinwanne,POSITIVE
egbe eli igwe,NEGATIVE
ịchọ okwu,NEGATIVE
amaro,NEGATIVE
ogologo ndu,POSITIVE
ndị ala,NEGATIVE
agwula,NEGATIVE
aruruala,NEGATIVE
kene,POSITIVE
sagbukwa gi,NEGATIVE
mechie gi onu,NEGATIVE
anwuo m,NEGATIVE
tolu ato,POSITIVE
ume ngwu,NEGATIVE
igwe ndi igwe,POSITIVE
iwegi,NEGATIVE
‍‍ nsogbu,NEGATIVE
anuri,POSITIVE
mba oooo,NEGATIVE
rijuo nsi onu,POSITIVE
ajo ihe ‍️,NEGATIVE
isi nakukazi,NEGATIVE
agọzigo,POSITIVE
mgbali,POSITIVE
ike agwuro,NEGATIVE
tufuo,NEGATIVE
ara na gba gi,NEGATIVE
ike a gwugom,NEGATIVE
ọjị ọnụ,NEGATIVE
ahụ sịrị ike,NEGATIVE
doziwa,POSITIVE
zigbote,POSITIVE
onyinye,POSITIVE
ajo mmadu,POSITIVE
piakwa gi onu,NEGATIVE
siri ike,POSITIVE
kwenu,POSITIVE
egbuo gi,NEGATIVE
agbusi,NEGATIVE
wannem,POSITIVE
isi a gbarigo,NEGATIVE
aru e si ike,NEGATIVE
ike agwugom,NEGATIVE
gaagozi gi,POSITIVE
adigo,POSITIVE
fu uzo,NEGATIVE
eziokwum,POSITIVE
deje,POSITIVE
njakiri,NEGATIVE
gaegbu mmadu,NEGATIVE
òmá,POSITIVE
ogaghi,NEGATIVE
ego adirozi,NEGATIVE
onye ojoo ‍️,NEGATIVE
anya mmiri,NEGATIVE
dikwa ike,POSITIVE
naatọ ụtọ,POSITIVE
egbugo,NEGATIVE
abawago,NEGATIVE
ọjọọ,NEGATIVE
imewa gom,NEGATIVE
onye ojor,NEGATIVE
nwokem,POSITIVE
ike adịro,NEGATIVE
ajoka,NEGATIVE
oti mkpu,NEGATIVE
gbakwa okwu,NEGATIVE
egwu oma,POSITIVE
ndewonu,POSITIVE
nnem ️️,POSITIVE
otele okuko,NEGATIVE
kpọ kwa gị ọkụ,NEGATIVE
oku,NEGATIVE
gba chi e gị ntị,NEGATIVE
afufu,NEGATIVE
asa,POSITIVE
ahu isike,POSITIVE
ndị uchu,NEGATIVE
óbị,POSITIVE
ntọ ntọ,POSITIVE
nkita,NEGATIVE
ka ana aria,NEGATIVE
tagbuo,NEGATIVE
udo,POSITIVE
gbafuru m,NEGATIVE
adirọ gị,NEGATIVE
ejikem,POSITIVE
nkanka,POSITIVE
rachaa gi anya,NEGATIVE
odinma,POSITIVE
zoba kwa,POSITIVE
nze,POSITIVE
laputakwa,NEGATIVE
nzuzu,NEGATIVE
emechisi mmadu nti,NEGATIVE
akwado,POSITIVE
ihe isi ike,NEGATIVE
ndi ori,NEGATIVE
tufuo gi,NEGATIVE
ndị ọjọọ,NEGATIVE
emela,POSITIVE
oganiihu,POSITIVE
ndu na aku,POSITIVE
ga akupu,NEGATIVE
nese okwu,NEGATIVE
ario,POSITIVE
oga niru,POSITIVE
ma mu ula,NEGATIVE
agwu ike,NEGATIVE
isi adiro gi,NEGATIVE
ranye,NEGATIVE
olaedo,POSITIVE
anaghị,NEGATIVE
akpa amu,NEGATIVE
isi gbari,NEGATIVE
‍️‍️‍️‍️‍️ afo ga asa,NEGATIVE
gozịe,POSITIVE
nile ndu,POSITIVE
kpọtụba,POSITIVE
ucheoma,POSITIVE
gbara anyi egwu eke,NEGATIVE
gwụrụ ike,NEGATIVE
nara ekele,POSITIVE
deme nụ,POSITIVE
ahuike,POSITIVE
nwannem,POSITIVE
onye amuma,POSITIVE
fachikwaa,NEGATIVE
nkem,POSITIVE
ndi ara,NEGATIVE
ngwuro,NEGATIVE
ogaranya ngada,POSITIVE
di mu mma,POSITIVE
ojija mma,POSITIVE
oriaku,POSITIVE
egwu a tụgbuo,NEGATIVE
udara mmicha,POSITIVE
ofuma ️,POSITIVE
afọ tara mmiri,NEGATIVE
malu akwukwo,POSITIVE
daajuo,POSITIVE
ezuzi,NEGATIVE
na kpari,NEGATIVE
nwanyi olaedo,POSITIVE
anụ nganga mpi,NEGATIVE
osebelu,NEGATIVE
ikpo ya oku,NEGATIVE
dim mma,POSITIVE
onwero,NEGATIVE
gbụ kwe,NEGATIVE
achogbu,NEGATIVE
egbuwara,POSITIVE
too anyi uto,POSITIVE
ọnye mmerị,NEGATIVE
agadi nwoke,POSITIVE
ya gaziere,POSITIVE
isi agbaka go,NEGATIVE
asala,NEGATIVE
agaghi,NEGATIVE
nsọ,POSITIVE
na ara,NEGATIVE
ịsị oche,NEGATIVE
idinma,POSITIVE
atọm,POSITIVE
dike na dimkpa,POSITIVE
emeru,NEGATIVE
isi ike,NEGATIVE
a gbarigo,NEGATIVE
negbuke,NEGATIVE
maara gi mma,POSITIVE
na akpari,NEGATIVE
ka gị mma,POSITIVE
nwayo,POSITIVE
gaatugbu gị,NEGATIVE
gbagharam,POSITIVE
ga egbu mmadụ,NEGATIVE
onye isi adiro,NEGATIVE
gide sie ike,POSITIVE
natụ m egwu,NEGATIVE
mezie,POSITIVE
beribe,NEGATIVE
kwado,POSITIVE
ashewo,NEGATIVE
ezemmuo,POSITIVE
akpịrị,NEGATIVE
onwe m,POSITIVE
itibolibo,NEGATIVE
gọzi,POSITIVE
amuosu,NEGATIVE
kitikpa,NEGATIVE
gozikwa,POSITIVE
èzigbò,POSITIVE
egbu mmadụ,NEGATIVE
atago afụfụ,NEGATIVE
ebube dike,POSITIVE
iwe ọkụ ‍️‍️‍️‍️,NEGATIVE
dukà dukà,NEGATIVE
ata gi aru,NEGATIVE
obi aňụlị,POSITIVE
obi chineke nna,POSITIVE
mmâ,POSITIVE
a furum gi nanya,POSITIVE
ibu gi nmadu,NEGATIVE
aru ike,POSITIVE
egbu kwa,NEGATIVE
na añụ anwụrụ ‍️‍️,POSITIVE
gbu,NEGATIVE
obi nwayo,POSITIVE
ịga adị,POSITIVE
egbu zi,NEGATIVE
igbu go,NEGATIVE
nafufu,NEGATIVE
lachaa gị,NEGATIVE
ndú,POSITIVE
e gbu mmadụ,NEGATIVE
nwannem ️,POSITIVE
odi mkpa,POSITIVE
nwà,POSITIVE
adaeze,POSITIVE
adirom,NEGATIVE
agwugo m,NEGATIVE
gbaagi ume,POSITIVE
ioma,POSITIVE
adikwam,NEGATIVE
obi esie m ike,NEGATIVE
igbu mmadu,NEGATIVE
eze,POSITIVE
mejọrọ,NEGATIVE
nnuku,POSITIVE
onwebeghi,NEGATIVE
ifele,NEGATIVE
anuli,POSITIVE
oga nihu,POSITIVE
agozigo gi,POSITIVE
nno,POSITIVE
me mma,POSITIVE
ahurum gi naya,POSITIVE
gbu e,NEGATIVE
atuasi,NEGATIVE
odinaka,POSITIVE
ife,NEGATIVE
gbuo gi,NEGATIVE
nsogbu ‍️,NEGATIVE
eji eje mba,POSITIVE
kaa nkà,POSITIVE
ala gbagbuo gi,NEGATIVE
ebugo,NEGATIVE
ikonu,NEGATIVE
dagbuo gị,NEGATIVE
rie nsi,NEGATIVE
atagbuo,NEGATIVE
piwa,NEGATIVE
ako nuche,POSITIVE
agụụ,NEGATIVE
èzigbòte,POSITIVE
öjöö,NEGATIVE
nkasiobi,NEGATIVE
agbawa,NEGATIVE
gbugo,NEGATIVE
osita,POSITIVE
bughi mmadu,NEGATIVE
ngọzi,POSITIVE
ara gba,NEGATIVE
abughim,NEGATIVE
asampete,POSITIVE
aguru,NEGATIVE
ajọ,NEGATIVE
añụrị,POSITIVE
efu uzo,NEGATIVE
megbuo,NEGATIVE
dị ike,POSITIVE
gbajiri gị aka,NEGATIVE
achala ugo,POSITIVE
gbakwo oku,NEGATIVE
o biliwo,POSITIVE
ozigbo,POSITIVE
adịhọ,NEGATIVE
achọ okwu,NEGATIVE
gwuru ike,NEGATIVE
kpoghepu,NEGATIVE
gi nma,POSITIVE
osụ ịmị,NEGATIVE
ike ndị a gwụrụ,NEGATIVE
aja gị mma,POSITIVE
onye aparị,NEGATIVE
onye inye aka,POSITIVE
agozi,POSITIVE
odeshi,NEGATIVE
aki onu,NEGATIVE
otito,POSITIVE
gwuru,NEGATIVE
na ebu,NEGATIVE
gbulum ike,NEGATIVE
ike gwurum,NEGATIVE
ojoo,NEGATIVE
ga ebu gi,NEGATIVE
agu di,NEGATIVE
imela ️,POSITIVE
ihe ojoo ‍️‍️‍️,NEGATIVE
atọ gbuo,NEGATIVE
isi agbaka,NEGATIVE
uto ndu,POSITIVE
dimkpa,POSITIVE
nnọọ,POSITIVE
na ewute,NEGATIVE
achalugo,POSITIVE
ndị àlà,NEGATIVE
ará,NEGATIVE
ejighi,NEGATIVE
agwula m,NEGATIVE
ndi iro,NEGATIVE
obi oma,POSITIVE
butuo mmuo,POSITIVE
adirozikwa,NEGATIVE
ònye ara,NEGATIVE
nwanna ‍️,POSITIVE
ndị ara,NEGATIVE
biko,POSITIVE
kitipka,NEGATIVE
ekepere,POSITIVE
oma️,POSITIVE
gbakashi,NEGATIVE
na ato ncha,NEGATIVE
ekele kwam gi,POSITIVE
gaziere,POSITIVE
ahurogi,NEGATIVE
olilanya,POSITIVE
fegbuo,NEGATIVE
onye anwuru,NEGATIVE
anwu anwu,NEGATIVE
gbue,NEGATIVE
macha mma,POSITIVE
ikenga,POSITIVE
riwaa nsị,NEGATIVE
gbum,NEGATIVE
nwérè madu,POSITIVE
oku mmuo,NEGATIVE
ike kwuluu oto gwụ,POSITIVE
obi atogbuela,POSITIVE
akpị,NEGATIVE
adiro,NEGATIVE
onye ala,NEGATIVE
adadioramma,POSITIVE
a atọ m,POSITIVE
nmanma,POSITIVE
rapum,NEGATIVE
onyenweanyị,POSITIVE
kpuo anyi isi,NEGATIVE
hụrụ nanya,POSITIVE
ndima,POSITIVE
mmuba akụ,POSITIVE
onwedi,NEGATIVE
adiiro,NEGATIVE
michapu gi onu,NEGATIVE
tabuo gị,NEGATIVE
nkwugheri,NEGATIVE
lachaa gị anya,NEGATIVE
agbakalam isi,NEGATIVE
ime,POSITIVE
gae gbum,NEGATIVE
obi dim uto,POSITIVE
chinedum,POSITIVE
akpari,NEGATIVE
ekelem,POSITIVE
ekenem gi,POSITIVE
ocho okwu,NEGATIVE
ejighi ahu,NEGATIVE
nkita ra chi gi ike,NEGATIVE
gbafou,NEGATIVE
onye nwe anyi,POSITIVE
ara gbashie,NEGATIVE
ọdịda,NEGATIVE
ya gazieere,POSITIVE
amuma asi,NEGATIVE
gi ike,POSITIVE
eziokwu,POSITIVE
ọnwụ,NEGATIVE
anwuo,NEGATIVE
ehihe oma,POSITIVE
gọzie,POSITIVE
onyedikagi,POSITIVE
obodo bu igwe,NEGATIVE
ochioha,POSITIVE
alusi,NEGATIVE
enwero,NEGATIVE
ọmarịcha,POSITIVE
ezi okwu,POSITIVE
dajie,NEGATIVE
ogologondu,POSITIVE
agaghim,NEGATIVE
ajo ofia,NEGATIVE
onye ofemmanu,NEGATIVE
na enye ndu,POSITIVE
gbuo mu,NEGATIVE
gaerigbu,NEGATIVE
okenye,POSITIVE
ike uwa gwuru,NEGATIVE
sagbukwa,NEGATIVE
ajọ obi,NEGATIVE
onye nso,POSITIVE
oku mmụọ,NEGATIVE
agunaechemba,POSITIVE
ndu anyi,POSITIVE
ife dị mma,POSITIVE
ipiakasi,NEGATIVE
egwu dikwa,NEGATIVE
dalunu,POSITIVE
ọnụ ọjọọ,NEGATIVE
agayim,NEGATIVE
adiri,NEGATIVE
ekperem,POSITIVE
ajọ mmadụ,NEGATIVE
ikeoha,POSITIVE
mezuoro,POSITIVE
ekwekwala,NEGATIVE
agbala,NEGATIVE
tụgbuo m,NEGATIVE
kparikwa,NEGATIVE
ọdịmma,POSITIVE
isi oma,POSITIVE
ndị asili,NEGATIVE
nsi,NEGATIVE
adiro gi,NEGATIVE
biri,POSITIVE
na gbaka m isi,NEGATIVE
nwanném,POSITIVE
gbukwa gi,NEGATIVE
dozie,POSITIVE
daalu,POSITIVE
onye ofe mmanụ,NEGATIVE
ndu na ahu ike,POSITIVE
onye dika gi,POSITIVE
ekele ‍️,POSITIVE
piawaa,NEGATIVE
bu ndu,POSITIVE
nukwu,POSITIVE
ogonogo ndu,POSITIVE
aja ike,NEGATIVE
afọ ajọ ka,NEGATIVE
anioma,POSITIVE
àgózigo,POSITIVE
afọ nsị,NEGATIVE
azụ anụ ụka,NEGATIVE
nwata,POSITIVE
gba gị ume,POSITIVE
aruru ala,NEGATIVE
anaghí así,NEGATIVE
ebezi akwa,NEGATIVE
ihe ojoo,NEGATIVE
ọnwụ ike,NEGATIVE
ọdogwu,POSITIVE
eshiela ike,NEGATIVE
nwere obi,POSITIVE
erim eri,NEGATIVE
ọrụ ebube,POSITIVE
otu ocha,NEGATIVE
ihe ọjọ,NEGATIVE
lụọ,NEGATIVE
oganiru,POSITIVE
achogo okwu,NEGATIVE
rachapu gi,NEGATIVE
ndidi,POSITIVE
ezenwanyi,POSITIVE
ekene,POSITIVE
mmeri,POSITIVE
ogologo ndụ,POSITIVE
kwudosie ike,POSITIVE
ahurum gi na anya,POSITIVE
mmemme,POSITIVE
ya gazie,POSITIVE
eme maaa,POSITIVE
lacha ike,NEGATIVE
ala gba,NEGATIVE
afo sagbuo,NEGATIVE
ogbu go,NEGATIVE
amunsu,NEGATIVE
egbuom,NEGATIVE
onye asi,NEGATIVE
uru ahia,POSITIVE
gbakwalu agba,NEGATIVE
odighi,NEGATIVE
kanma,POSITIVE
o nwere,NEGATIVE
ezi omume,NEGATIVE
ekpele,POSITIVE
enweghizi,NEGATIVE
aru adiro gi,NEGATIVE
jisie ịke,POSITIVE
mmá,POSITIVE
awụ gị na ala,NEGATIVE
onyenmeri,POSITIVE
adirokwanu,NEGATIVE
dalụ,POSITIVE
idimma,POSITIVE
ahu ike,POSITIVE
daalukwanu,POSITIVE
a diro,NEGATIVE
alasha go gi ike ️️️,NEGATIVE
gozikwa gị,POSITIVE
agu jim,NEGATIVE
amakeze,POSITIVE
aragba,NEGATIVE
mela,POSITIVE
makazi,POSITIVE
asa m pete,POSITIVE
ọnụ ọjọ,NEGATIVE
ndi ojoo,NEGATIVE
adim mma,POSITIVE
azụ ukpo,NEGATIVE
anumpam,NEGATIVE
yigbuo,NEGATIVE
akalakam,POSITIVE
na akpi nkpị,NEGATIVE
obi dim nma,POSITIVE
ebewe,NEGATIVE
gbukwa,NEGATIVE
agwugom,NEGATIVE
ebube,POSITIVE
kedu,POSITIVE
egubugo,NEGATIVE
na ndu,POSITIVE
onyejiego,POSITIVE
ngozi,POSITIVE
amaka,POSITIVE
ririm onu,NEGATIVE
gbabguo,NEGATIVE
nka si obi,POSITIVE
ike gwuru‍️,NEGATIVE
ala na apu gi,NEGATIVE
akpa ike,POSITIVE
gbasisi gi nti,NEGATIVE
gba gbuo gi,NEGATIVE
imebigo,NEGATIVE
anyinoria,POSITIVE
e gbu mmadu,NEGATIVE
a gwugom,NEGATIVE
egbu o,NEGATIVE
ndị mmụọ,NEGATIVE
gbara,NEGATIVE
ala piachie gị ntị,NEGATIVE
gbukwe gi,NEGATIVE
di mkpa,POSITIVE
mara ihe nke ukwu,POSITIVE
adirọ m,POSITIVE
ku gi ihe,NEGATIVE
omalichanwa,POSITIVE
zuzuru,NEGATIVE
onye ọjọọ,NEGATIVE
nwụọ,NEGATIVE
ije awele,NEGATIVE
atom,POSITIVE
️nwa,POSITIVE
ezi gbo,POSITIVE
sili ike,POSITIVE
agu neche mba,POSITIVE
asa nwa,POSITIVE
nnam,POSITIVE
gbukwe,NEGATIVE
jisi ike,POSITIVE
na ebezi akwa,NEGATIVE
ike agwo go mu,NEGATIVE
yi ara,NEGATIVE
ike gwuru ‍️‍️,NEGATIVE
obim,POSITIVE
kelenu,POSITIVE
nwaoma,POSITIVE
asamkpete,POSITIVE
chacha,NEGATIVE
ewu nwụrụ anwụ,NEGATIVE
gwukwara ike ‍️,NEGATIVE
kpachala anyi gi,NEGATIVE
delu,POSITIVE
adịrị,NEGATIVE
aku na uba,POSITIVE
okpu amụ,NEGATIVE
arịrịọ,POSITIVE
akwa nwa,POSITIVE
nke m,POSITIVE
gburu,NEGATIVE
ogaranya ngadanga,POSITIVE
onu ojor,NEGATIVE
di m mma,POSITIVE
egwù,NEGATIVE
ihe ọjọọ,NEGATIVE
áfó ómá,NEGATIVE
gozikwara,POSITIVE
onyeoma,POSITIVE
ọkpọ nkụ,NEGATIVE
ndi ālā,NEGATIVE
ekenekwam,POSITIVE
adadioranma,POSITIVE
dalu ibi,POSITIVE
nwem,POSITIVE
ézè,POSITIVE
gazierigi,POSITIVE
afọ saa,NEGATIVE
ike gi gwuru,NEGATIVE
ga adabara,NEGATIVE
obi,POSITIVE
chidera,POSITIVE
riwe ndu,POSITIVE
oku ala nmuo,NEGATIVE
afusie m anya,NEGATIVE
aja gi mma,POSITIVE
egwu na atụchari,NEGATIVE
hụrụ m nanya,POSITIVE
afutu bem,NEGATIVE
macha mma ‍️,POSITIVE
ajado,NEGATIVE
amara,POSITIVE
asili,NEGATIVE
egbukwa,NEGATIVE
ajọka,NEGATIVE
ara,NEGATIVE
gbara m ara,NEGATIVE
asa mpete,POSITIVE
ọbịakpo,NEGATIVE
ekenekwa,POSITIVE
anakogheri,NEGATIVE
añụli,POSITIVE
ọnye ọjọọ,NEGATIVE
gọzịwe,POSITIVE
onu mmanu mmanu,POSITIVE
obi mgbali elu,POSITIVE
adigonu,POSITIVE
asịrị,NEGATIVE
adirokwa,NEGATIVE
ike gị gwụrụ,NEGATIVE
onye nna,POSITIVE
ndị asịrị,NEGATIVE
mmà,POSITIVE
agbasa obi,NEGATIVE
nke anyi,POSITIVE
kpasuru iwe,NEGATIVE
nenye ndu,POSITIVE
somma,POSITIVE
gbawa,NEGATIVE
uche,POSITIVE
isi odikwa mu mma ️️️️,NEGATIVE
megbuola,NEGATIVE
imara mma,POSITIVE
ogbuefi,POSITIVE
eze ndieze,POSITIVE
gbawapu,NEGATIVE
uko,POSITIVE
repiakwa,NEGATIVE
agọzi,POSITIVE
ike nke naso oyi,NEGATIVE
gazie,POSITIVE
raputa,NEGATIVE
na enwu oku,NEGATIVE
gbaa gi ume,POSITIVE
onye nmehe,NEGATIVE
mgbu,NEGATIVE
ibughi mmadụ,NEGATIVE
yagazie,POSITIVE
onye oshi,NEGATIVE
nke ndu,POSITIVE
tagbogi,NEGATIVE
mma,POSITIVE
afọ osusa,NEGATIVE
dị mma️,POSITIVE
ọnye mmụọ,NEGATIVE
achalaugo,POSITIVE
oke mkpotu,NEGATIVE
naeto,POSITIVE
iburo,NEGATIVE
onye nnwe aanyi,POSITIVE
a maka,POSITIVE
nwe egwu,POSITIVE
anwuli,POSITIVE
ri nne,POSITIVE
malu mma,POSITIVE
arusi,NEGATIVE
nkea atọm,POSITIVE
na enwunu oku,NEGATIVE
nyem ike,POSITIVE
adọkago,NEGATIVE
igbu,NEGATIVE
ịhụnanya,POSITIVE
oma ️,POSITIVE
ukwu anu,NEGATIVE
gwukwara ike,NEGATIVE
akpari mmadu,NEGATIVE
na ko m onu,NEGATIVE
ahuhu,NEGATIVE
naeji ụgwọ,NEGATIVE
adicha mma,POSITIVE
na ndu gi,POSITIVE
na etigbu ilo,NEGATIVE
ònye ará,NEGATIVE
nwa nne,POSITIVE
onye nkuzi,POSITIVE
ẹkwẹnsụ,NEGATIVE
chukwu gozie,POSITIVE
obughi,NEGATIVE
gbaka m isi,NEGATIVE
obi akpọ,NEGATIVE
adagbuo,NEGATIVE
nne m,POSITIVE
nwanyi ajadu,NEGATIVE
ezuzu,NEGATIVE
dajuo,POSITIVE
gbahara,POSITIVE
aghugho,NEGATIVE
nwanyi ota akpu,NEGATIVE
gbaa gị ume,POSITIVE
daalụ,POSITIVE
inweghi,NEGATIVE
kelee,POSITIVE
nnukwute,POSITIVE
ọnwunwa,NEGATIVE
negbu,NEGATIVE
gwakwa oku,NEGATIVE
nchachi anya,NEGATIVE
ndiara,NEGATIVE
ike adiro m,NEGATIVE
egbu gi,NEGATIVE
ọganihu,POSITIVE
nwuo,NEGATIVE
ọjọ,NEGATIVE
na agwu ike,NEGATIVE
agwugo,NEGATIVE
ga gbukwa,NEGATIVE
nma nma,POSITIVE
ike agwugo,NEGATIVE
gba gi ume,POSITIVE
ndi na gba mgbo,POSITIVE
ndi ofe manu,NEGATIVE
ike agwulam,NEGATIVE
izuzu,NEGATIVE
mkpari,NEGATIVE
akpụ obi,NEGATIVE
atughari,NEGATIVE
ebere‍️,POSITIVE
egbuwara isi,NEGATIVE
apiti‍️,NEGATIVE
gá egbụ,NEGATIVE
oria isi,NEGATIVE
gozi go gi,POSITIVE
iga adi,POSITIVE
maa mma,POSITIVE
mmebi,NEGATIVE
oshi,NEGATIVE
ekwueme,POSITIVE
onu ojo,NEGATIVE
obinigwe,POSITIVE
nwanyi oma,POSITIVE
atoo,POSITIVE
a gwu go,NEGATIVE
apịafukwa,NEGATIVE
akaoma,POSITIVE
idi mma,POSITIVE
di uto,POSITIVE
mawa gi ọnụ,NEGATIVE
gwum,NEGATIVE
odogwu akataka,POSITIVE
riine,POSITIVE
rinee,POSITIVE
neme mma,POSITIVE
nonyere,POSITIVE
acholu m,NEGATIVE
alaputagom,NEGATIVE
enyioma,POSITIVE
ike a gwugo,NEGATIVE
ekele,POSITIVE
agbonma,POSITIVE
agworia,POSITIVE
agahi,NEGATIVE
gaegbu,NEGATIVE
azuru azu,POSITIVE
mmuozi,POSITIVE
nna ochie,POSITIVE
n sogbu,NEGATIVE
ihe oma,POSITIVE
zukwaanu ike,POSITIVE
òtítọ́,POSITIVE
ahu mgbasike,POSITIVE
mgbawa isi,NEGATIVE
njo,NEGATIVE
adighi anu ife,NEGATIVE
adiro mụ,NEGATIVE
ebere,POSITIVE
e gbu,NEGATIVE
gbuo,NEGATIVE
ndimmuo,NEGATIVE
nwoke m,POSITIVE
afo osisa,NEGATIVE
o dikwa egwu,NEGATIVE
akonuuche,POSITIVE
isike,NEGATIVE
ụgwọ,NEGATIVE
onye oma,POSITIVE
ndukaku,POSITIVE
tufiakwa‍️,NEGATIVE
mmamma,POSITIVE
akwaugo,POSITIVE
kacha mma,POSITIVE
nzuzo,NEGATIVE
aru isike,POSITIVE
mechie onu,NEGATIVE
agbawa m,NEGATIVE
ngbaghasi,NEGATIVE
efu,NEGATIVE
nwayọọ,POSITIVE
chọọ gị mma,POSITIVE
ike gi adiro,NEGATIVE
gaadi,POSITIVE
oku eligwe,NEGATIVE
omemma,POSITIVE
akajiaku,POSITIVE
akpa ibi,NEGATIVE
akwụkwọ nsọ,POSITIVE
isi adirokwanu gi nma,NEGATIVE
agba mgbo,POSITIVE
onyeeze,POSITIVE
oluku,NEGATIVE
ndi nzuzu,NEGATIVE
na ese okwu,NEGATIVE
ji na oru,NEGATIVE
ôpipia,POSITIVE
monsoo,POSITIVE
gi mma,POSITIVE
hapuruanyi,NEGATIVE
i ma mma,POSITIVE
nwunye,POSITIVE
merie,NEGATIVE
gbagbuo,NEGATIVE
adirogodi,NEGATIVE
ọma ️,POSITIVE
ugomma,POSITIVE
nwuru,NEGATIVE
obi utó,POSITIVE
dirokwa,NEGATIVE
muo nso,POSITIVE
onye nkem,POSITIVE
mmehe,NEGATIVE
úkwù,NEGATIVE
olu ebube,POSITIVE
ikwusi,NEGATIVE
ogbu mmadu,NEGATIVE
ndeewoo,POSITIVE
ezigbo,POSITIVE
kpo ya oku,NEGATIVE
ife ọma,POSITIVE
ọkụ mmụọ,NEGATIVE
mejọlụ‍️,NEGATIVE
emume,POSITIVE
nihunanya,POSITIVE
onwe bedi,NEGATIVE
onu nsi,NEGATIVE
odogwu,POSITIVE
ajuru,NEGATIVE
rie nne,POSITIVE
umunnam,POSITIVE
ajó ndú,NEGATIVE
egbu ya,NEGATIVE
ihe ojo,NEGATIVE
agwunechemba,POSITIVE
okú muō,NEGATIVE
íke nwata,POSITIVE
mejoro,NEGATIVE
gozibe,POSITIVE
aku,POSITIVE
igbu onye,NEGATIVE
ogu na mgba,NEGATIVE
mewa gom obi,NEGATIVE
n agba ọkụ,NEGATIVE
chukwu,POSITIVE
achupugo,NEGATIVE
ese okwu,NEGATIVE
huru nanya ️️,POSITIVE
ka nma,POSITIVE
kèle,POSITIVE
nku kwa ya,POSITIVE
oka ka,POSITIVE
gwurum ike,NEGATIVE
nwunye‍️,POSITIVE
kotelu,NEGATIVE
ata ahuhu,NEGATIVE
nwayi oma,POSITIVE
adirọ ‍️,NEGATIVE
nrashi amu,NEGATIVE
goziri agozi,POSITIVE
ike adirum,NEGATIVE
aru rana,NEGATIVE
wetere ndu,POSITIVE
dimma,POSITIVE
rapukwam,NEGATIVE
chebekwa,POSITIVE
arụ isi ike,NEGATIVE
ibu gi nma du,NEGATIVE
chinelo,POSITIVE
etito,POSITIVE
ekwensu,NEGATIVE
ife oma,POSITIVE
tufikwa,NEGATIVE
onye apari,NEGATIVE
kpa cha ran ayan gi,NEGATIVE
mgbagojuru,NEGATIVE
oke nkume,POSITIVE
ike agwula,NEGATIVE
gae gbu,NEGATIVE
añụ anwụrụ ‍️‍️,POSITIVE
nsogbù,NEGATIVE
ilaferela,POSITIVE
na arụru aka,POSITIVE
araputa,NEGATIVE
akwuna,NEGATIVE
okwu agwugonu,NEGATIVE
gị mma,POSITIVE
naese okwu,NEGATIVE
apịafukwa gị isi,NEGATIVE
hurum nanya,POSITIVE
ọfụma,POSITIVE
ezigbota,POSITIVE
dị m mmà,POSITIVE
ị bụghị,NEGATIVE
ibugi madu,NEGATIVE
gbu go dị,NEGATIVE
eze nwanyi ️,POSITIVE
ọ diro,NEGATIVE
nonyere gi,POSITIVE
gbakwa oku,NEGATIVE
ọmalicha,POSITIVE
biko‍️,POSITIVE
ndị iro,NEGATIVE
onye oria,NEGATIVE
onye amara,POSITIVE
gazielu gi,POSITIVE
gegbu,NEGATIVE
sicha asi,NEGATIVE
ashi,NEGATIVE
aru adiro,NEGATIVE
onye mgbu,NEGATIVE
ji ịsị kote,NEGATIVE
dịkwalu gị na mma,POSITIVE
ezigbó,POSITIVE
onye ukwu,POSITIVE
ndi amu,NEGATIVE
gozie gi,POSITIVE
iru oma,POSITIVE
ara gba gbuo gi,NEGATIVE
onuojo,NEGATIVE
ofuma,POSITIVE
na achọ so okwu,NEGATIVE
kpochie,NEGATIVE
goziere,POSITIVE
e ga di,POSITIVE
ịsị ọkpọ,POSITIVE
ndi awka,NEGATIVE
ogaranya,POSITIVE
gbuom,NEGATIVE
ike anyi,POSITIVE
apu ala,NEGATIVE
igbu m,NEGATIVE
ndeewo,POSITIVE
gbajuo,NEGATIVE
ike gwụrụ,NEGATIVE
isi kotenu,NEGATIVE
gozielu,POSITIVE
umu asa,POSITIVE
ọlụ ebube,POSITIVE
jisienu ike,POSITIVE
umunnem,POSITIVE
enwerozi,NEGATIVE
okpo,NEGATIVE
nakogheri,NEGATIVE
adị ímé,POSITIVE
arụ adirọ,NEGATIVE
ụmụnne,POSITIVE
akwuna ike,NEGATIVE
ochie dike,POSITIVE
nnaa,POSITIVE
esu gi oku,NEGATIVE
dị nso,POSITIVE
naegbu,NEGATIVE
egbuo,NEGATIVE
ocha,POSITIVE
mma️,POSITIVE
anwunyu anya,NEGATIVE
asugbu,NEGATIVE
riinne,POSITIVE
ogwugwu oge,POSITIVE
chaa isi awo,NEGATIVE
nwanna,POSITIVE
njemonu,POSITIVE
ihunanya,POSITIVE
ekotekwanaru,NEGATIVE
gbawazie oto,NEGATIVE
ike adihom,NEGATIVE
obiebere,NEGATIVE
ụfụ,NEGATIVE
gba ọtọ,NEGATIVE
ndi mgbu,NEGATIVE
afo asagbuo,NEGATIVE
fụrụ nanya ️️️,POSITIVE
obị,POSITIVE
asagbuo ya,NEGATIVE
juo obi gi oyi,NEGATIVE
agba gi oku,NEGATIVE
ndu gi,POSITIVE
isi nkwocha‍️‍️‍️‍️‍️,NEGATIVE
onye ori,NEGATIVE
ọkpọ,NEGATIVE
kpachara anya gi,NEGATIVE
libe ife,NEGATIVE
ike gwuru ‍️,NEGATIVE
dinma ️,POSITIVE
agwugom ike,NEGATIVE
ajo,NEGATIVE
udo ️,POSITIVE
ndi mmuo,NEGATIVE
na agwọ,POSITIVE
uda egbe,NEGATIVE
agwulam,NEGATIVE
onyeom,POSITIVE
suo ya oku,NEGATIVE
gbajie,NEGATIVE
adiró,NEGATIVE
atọ ụtọ,POSITIVE
ikputu onu,NEGATIVE
obi nwanne,POSITIVE
pia isi,NEGATIVE
emeka,POSITIVE
mmama,POSITIVE
mara nma,POSITIVE
amosu,NEGATIVE
isioma,POSITIVE
ogo,POSITIVE
akpiri,NEGATIVE
ndi nso,POSITIVE
ara gbaba,NEGATIVE
díke,POSITIVE
ome mma,POSITIVE
rapukwa,NEGATIVE
ndi nsoo,POSITIVE
nzuzu ‍️,NEGATIVE
i bughi madu,NEGATIVE
napkari,NEGATIVE
ike agwulam ‍️,NEGATIVE
ndi mmuo ozi,NEGATIVE
ojo,NEGATIVE
iwe ọkụ,NEGATIVE
nzoputa,POSITIVE
oji obara awu aru,NEGATIVE
atoka️,POSITIVE
ahụ ike,NEGATIVE
di ndu,POSITIVE
i bughi mmadu,NEGATIVE
ogbu,NEGATIVE
gbafulu,NEGATIVE
ashawo,NEGATIVE
asa nwam,POSITIVE
gozi gi,POSITIVE
uchu,NEGATIVE
asiri,NEGATIVE
uto ️️,POSITIVE
mma️️,POSITIVE
ara na ayị gị,NEGATIVE
obi ebele,POSITIVE
ara gba gbuo,NEGATIVE
nwuru anwu,NEGATIVE
adiro di mma,NEGATIVE
ndi ọjọọ,NEGATIVE
jide sịrị m ike,POSITIVE
igaadi,POSITIVE
ntàntá,NEGATIVE
onye mmeri,NEGATIVE
adanma,POSITIVE
ịke dị,POSITIVE
idá,NEGATIVE
mara gi nma,POSITIVE
gbakwaa oku,NEGATIVE
nne,POSITIVE
ụdo,POSITIVE
oru ebube,POSITIVE
haziere,POSITIVE
nwanne,POSITIVE
ònye ọjọọ,NEGATIVE
nwụrụ anwụ,NEGATIVE
makatakwa mma,POSITIVE
gozia,POSITIVE
daaalu,POSITIVE
npiawa azụ,NEGATIVE
akporom gi asi,NEGATIVE
ihere,NEGATIVE
kpo kwa gioku,NEGATIVE
racha gi ike,NEGATIVE
agbasarom,NEGATIVE
ike ga agwu,NEGATIVE
agbaligo,POSITIVE
akpọ egwú,NEGATIVE
ako na uche,POSITIVE
nma‍,POSITIVE
ndewo,POSITIVE
asị,NEGATIVE
doorie,NEGATIVE
ómá,POSITIVE
tụwa nwaanyị ime,POSITIVE
obi ebere,POSITIVE
akukago gi,NEGATIVE
gọzịwerem,POSITIVE
taa m aru nike,NEGATIVE
hụrụ ya nanya,POSITIVE
e gbu onwe gi,NEGATIVE
aku gi ihe,NEGATIVE
ekwena,NEGATIVE
emechu ihu,NEGATIVE
isi gbawa,NEGATIVE
machapu isi,NEGATIVE
mgbe ole,NEGATIVE
awugo ‍️,NEGATIVE
adiro gi mma,NEGATIVE
abụ otito,POSITIVE
enwerom,NEGATIVE
onye nzuzu,NEGATIVE
eku eme,POSITIVE
e gae gbum,NEGATIVE
obi di m uto,POSITIVE
adikwa,NEGATIVE
gidigidi,POSITIVE
ọnu ọjọ,NEGATIVE
ọ dị nnọọ egwu,NEGATIVE
onye ogwu ego,NEGATIVE
fugbue,NEGATIVE
aburo mmadu,NEGATIVE
ndo,POSITIVE
na atọ,POSITIVE
tigbuo gi,NEGATIVE
gbapụrụ,NEGATIVE
ihe mberede,NEGATIVE
adiro ya,NEGATIVE
atu egwu,NEGATIVE
e ga adị,POSITIVE
igadi,POSITIVE
gbum mmadu,NEGATIVE
ahụike gị,POSITIVE
agbataobi,POSITIVE
adimma,POSITIVE
nwaada,POSITIVE
amaghi,NEGATIVE
naakuziamuta,POSITIVE
adirozie,NEGATIVE
tufiakwagi,NEGATIVE
gọzi kwa gị,POSITIVE
na esi obi ike,NEGATIVE
gozie,POSITIVE
onwu,NEGATIVE
isi nadighi,NEGATIVE
na eme mma,POSITIVE
mara nma‍,POSITIVE
idigodi,POSITIVE
egbue mmadu,NEGATIVE
obiapkoobi,NEGATIVE
ragbuzie,NEGATIVE
tugbu,NEGATIVE
na achu nwaanyi,NEGATIVE
añụ anwụrụ,POSITIVE
njọ,NEGATIVE
mpitimpi,NEGATIVE
emegbu emegbu,NEGATIVE
nwa afo,POSITIVE
rachapu,NEGATIVE
obi akpo,NEGATIVE
egbụ kwa gị,NEGATIVE
onye ozuzu,NEGATIVE
egbue,NEGATIVE
kwupuru ịke,NEGATIVE
gae gbum mmadu,NEGATIVE
agwụgo,NEGATIVE
ga e gbu mmadụ,NEGATIVE
noo ndu,POSITIVE
ahuru m gi nanya,POSITIVE
adịghị,NEGATIVE
zoba,POSITIVE
ragbuzienu,NEGATIVE
nma agha,POSITIVE
apịlapị,NEGATIVE
nma mma,POSITIVE
emejorom gi,NEGATIVE
nno‍️,POSITIVE
zoputa,POSITIVE
na cho okwu ‍️,NEGATIVE
a hurum onwem nanya ️,NEGATIVE
olisa,POSITIVE
ugwu eze,POSITIVE
egbue mmadụ,NEGATIVE
ahụ isike,POSITIVE
gbu mmadu,NEGATIVE
buru onu,NEGATIVE
ihele,NEGATIVE
ekenem,POSITIVE
isi agbakaa go,NEGATIVE
di mma,POSITIVE
gaatugbu,NEGATIVE
gbuo mụ,NEGATIVE
chideraaa,POSITIVE
bishop umu nwanyi,POSITIVE
amusù,NEGATIVE
adighi,NEGATIVE
nwayö,POSITIVE
hapụ,NEGATIVE
ji gi na oru,NEGATIVE
ndị agulu,NEGATIVE
isi adikwanu gi,NEGATIVE
tagbuo unu,NEGATIVE
odiro,NEGATIVE
di ke,POSITIVE
naachọ kwa okwu,NEGATIVE
oji kwa ahu,NEGATIVE
ekuke,NEGATIVE
ndị mgbu,NEGATIVE
iga di,NEGATIVE
mechipu onu,NEGATIVE
kwugbuo,NEGATIVE
apari,NEGATIVE
asugbuo,NEGATIVE
nike,POSITIVE
igbu gom,NEGATIVE
daa kpo,POSITIVE
nkem ️,POSITIVE
nna m,POSITIVE
gizie,POSITIVE
onye ujo,NEGATIVE
gọziri,POSITIVE
jise ike,POSITIVE
ogbajuo dolu,NEGATIVE
isi iyi nke ndu,POSITIVE
onye nmeye,NEGATIVE
isi gbari gi,NEGATIVE
olukwu,NEGATIVE
akpaamu,NEGATIVE
afụfụ,NEGATIVE
nwanyibuife,POSITIVE
jisie nụ ike,POSITIVE
adighi anu nti,NEGATIVE
abughi,NEGATIVE
si be ike,NEGATIVE
ike adighi,NEGATIVE
onye kere uwa,POSITIVE
sagbuo,NEGATIVE
bikoo,POSITIVE
ara na gba,NEGATIVE
nekpo ọkụ,NEGATIVE
tusatusa,NEGATIVE
ga gozi,POSITIVE
ara na yi gi,NEGATIVE
ebele,POSITIVE
nwayọ nwayọ,POSITIVE
ndokwa,POSITIVE
mma gi ula,NEGATIVE
emena,NEGATIVE
ada obi m,POSITIVE
ekwero,NEGATIVE
rachapukwa,NEGATIVE
piawago,NEGATIVE
golibe,POSITIVE
amusu,NEGATIVE
gbaoto,NEGATIVE
achọ so okwu,NEGATIVE
iwe gị,NEGATIVE
gbuōlam,NEGATIVE
si ike,NEGATIVE
atoókà,POSITIVE
welu ndu,POSITIVE
lacha gi anya,NEGATIVE
ga eme bi ‍️,NEGATIVE
kụwaa,NEGATIVE
uwaoma,POSITIVE
oyoko di nma,POSITIVE
egwu na atu,NEGATIVE
omalugo,POSITIVE
ogbara ara,NEGATIVE
gbafuo,NEGATIVE
ike ndi mmadu agwugom ‍️,NEGATIVE
atu ndu mmanu,POSITIVE
ònye mmụọ,NEGATIVE
gbaakwa ọkụ,NEGATIVE
chukwu agozigo gi,POSITIVE
tigbuo,NEGATIVE
okwu na uka,NEGATIVE
dinma,POSITIVE
ọdụmeje,POSITIVE
isi agbakaa,NEGATIVE
enweghị,NEGATIVE
obi naatọ m rikpokpo,POSITIVE
na eti gbu,NEGATIVE
zuoro gi ike,POSITIVE
oziọma,POSITIVE
gbuo ya,NEGATIVE
adaugo,POSITIVE
ara ga gba,NEGATIVE
e gbum mmadu,NEGATIVE
ahu si ike,NEGATIVE
onye asiri,NEGATIVE
zobakwa,POSITIVE
lachakwa gi ike,NEGATIVE
gbahara m,POSITIVE
na agba mbo,POSITIVE
na achọ okwu,NEGATIVE
iku okpo,NEGATIVE
eme bi ‍️,NEGATIVE
gbajiri gị,NEGATIVE
nzuzu‍️,NEGATIVE
ahụ isi ike,POSITIVE
asam,POSITIVE
okwu ịkọ telu,NEGATIVE
enyim,POSITIVE
ndị dị ndụ,POSITIVE
agwụgom,NEGATIVE
gbagoro agbago,NEGATIVE
èzigbo,POSITIVE
gbuo gị,NEGATIVE
obioma,POSITIVE
ọma,POSITIVE
echiche oma,POSITIVE
naezuzughari,NEGATIVE
e mela,POSITIVE
tugbuo,NEGATIVE
ara na agba,NEGATIVE
anaghi,NEGATIVE
gwum ike,NEGATIVE
ozigbote,POSITIVE
ajadu,NEGATIVE
karaka,POSITIVE
na agwụ kwa unu ike,NEGATIVE
goziri,POSITIVE
huru m gi nanya,POSITIVE
afo ona asa,NEGATIVE
jisike,POSITIVE
ibughi mmadu,NEGATIVE
ikariri,POSITIVE
di mma‍️‍️‍️,POSITIVE
alili,NEGATIVE
nkwo agu,NEGATIVE
o dí egwu,NEGATIVE
obi‍️,POSITIVE
itiboribo,NEGATIVE
egbum mgbu,NEGATIVE
korapu,NEGATIVE
imamma,POSITIVE
onye asị,NEGATIVE
mmiri ndu,POSITIVE
gbu e mmadu,NEGATIVE
ị bụghị mmadụ,NEGATIVE
pịa,NEGATIVE
ike agwu,NEGATIVE
anwuola,NEGATIVE
hụrụ onwe ya nanya,POSITIVE
edozie,POSITIVE
gbarie,NEGATIVE
ma ra nma,POSITIVE
gbu gi,NEGATIVE
emebiwo,NEGATIVE
iheoma,POSITIVE
isi mebiri,NEGATIVE
i maka,POSITIVE
ogbu madu,NEGATIVE
eziahuike,POSITIVE
akwamiiko,NEGATIVE
ara gba gi,NEGATIVE
dikwalu gi mma,POSITIVE
eze ndị eze,POSITIVE
ndu,POSITIVE
obi ojoo,NEGATIVE
emeela,POSITIVE
mmakpo mmadu anya,NEGATIVE
oké nkume,POSITIVE
rie nsi ️️️️️️️,NEGATIVE
ifere,NEGATIVE
mara anyị nma,POSITIVE
ji si ike,POSITIVE
nshi,NEGATIVE
amuosu ‍️,NEGATIVE
akogheri,NEGATIVE
obansi,NEGATIVE
di mma ️,POSITIVE
kelere,POSITIVE
agbara,POSITIVE
ndụ,POSITIVE
piawa,NEGATIVE
isi adiro gi mma,NEGATIVE
ga egbu,NEGATIVE
onye ala‍️,NEGATIVE
obi anuli,POSITIVE
nnwute,NEGATIVE
iwe oku‍️,NEGATIVE
dịkwa egwu,NEGATIVE
ja gi mma,POSITIVE
igburu madu,NEGATIVE
agoziwo,POSITIVE
amaka ️️,POSITIVE
ara ogbugba,NEGATIVE
uto uwa,POSITIVE
aburo,NEGATIVE
onye ndu,POSITIVE
anumpama,NEGATIVE
obi mma,POSITIVE
igaghi,NEGATIVE
ato m,POSITIVE
apkari,NEGATIVE
egwu aha atụ,NEGATIVE
kitipa,NEGATIVE
onyedike,POSITIVE
ji sie ike,POSITIVE
na nma,POSITIVE
ahu adirokwa,NEGATIVE
gọzikwa gị,POSITIVE
na ekwugheri,NEGATIVE
eche kwa ba,POSITIVE
ujo,NEGATIVE
isi ọma,POSITIVE
biri kwa,POSITIVE
atagbuola,NEGATIVE
rakwa,NEGATIVE
ekwekana,NEGATIVE
ndiiro,NEGATIVE
osukosu,NEGATIVE
odimma,POSITIVE
gaegbukwa,NEGATIVE
tabie onu,NEGATIVE
egbula anyi,NEGATIVE
onye di ka gi,POSITIVE
usu mia gi onu,NEGATIVE
achọ kwanu okwu,NEGATIVE
dị mma,POSITIVE
ogbugbu,NEGATIVE
naakpagbu,NEGATIVE
ajoo,NEGATIVE
chioma,POSITIVE
piachie gị ntị,NEGATIVE
bikonu‍️,POSITIVE
ga esu fa oku,NEGATIVE
ekenee,POSITIVE
olu oma,POSITIVE
ahiize gị,POSITIVE
kparị,NEGATIVE
obi m,POSITIVE
ọ chọ okwu,NEGATIVE
ekenekwe,POSITIVE
umuogbenye,NEGATIVE
enenebe eje olu,POSITIVE
onye oru,POSITIVE
nwanyioma,POSITIVE
ara naagba,NEGATIVE
ahu isi ike,POSITIVE
gbaaa gi ume,POSITIVE
onu ujo,NEGATIVE
eligwe,POSITIVE
e kwụsịkwala ịhea,NEGATIVE
nke ojo,NEGATIVE
zukwanike,POSITIVE
ariro,POSITIVE
gbagbuo gi,NEGATIVE
dị nma,POSITIVE
isi mgbaka,NEGATIVE
onu ojoo,NEGATIVE
ogu,NEGATIVE
mme mme,POSITIVE
awugo,NEGATIVE
aparị,NEGATIVE
chekwaba,POSITIVE
nwelu,POSITIVE
kparị mmadụ,NEGATIVE
gwuru mmadu ike,NEGATIVE
nsewa,NEGATIVE
afugbuola,NEGATIVE
isi akukago,NEGATIVE
ga achụ gị ọsọ,NEGATIVE
iwe gi,NEGATIVE
nwanne m ️,POSITIVE
akụ,POSITIVE
obieze,POSITIVE
nnukwu nmawu,POSITIVE
zukwanu ike,POSITIVE
ajo onu,NEGATIVE
pia oku,NEGATIVE
mmekwata,POSITIVE
onweberọ,NEGATIVE
mmanya naegbu,NEGATIVE
diro gi egwu,NEGATIVE
gaakwalite,NEGATIVE
gbawapu gi onu,NEGATIVE
gugbuo,NEGATIVE
ekpere m,POSITIVE
ejighị,NEGATIVE
agidigba,POSITIVE
dí uto,POSITIVE
amamihe,POSITIVE
ọgụ na mgba,NEGATIVE
mpiakasi,NEGATIVE
sịrị gị ike,NEGATIVE
rijuo nsi,NEGATIVE
mmuo nso,POSITIVE
nwayọ,POSITIVE
refuo,NEGATIVE
anu mpama,NEGATIVE
ifeoma,POSITIVE
iwe na ewe,NEGATIVE
aru adikwa,NEGATIVE
nnem,POSITIVE
agbawa mu,NEGATIVE
dabanye,NEGATIVE
gba gbuo,NEGATIVE
ewute gi,NEGATIVE
akaraka,POSITIVE
agzigo,POSITIVE
alaputago,NEGATIVE
mmozi,POSITIVE
gozikwa gi,POSITIVE
maka ndu,POSITIVE
ndi ofe mmanu,NEGATIVE
akporisigo,NEGATIVE
onye mmemme,POSITIVE
ụjọ,NEGATIVE
aburokwa,NEGATIVE
gọzikwa,POSITIVE
gbụo m,NEGATIVE
ji nkụ,POSITIVE
nọnyeere,POSITIVE
ịkọ ọnụ,NEGATIVE
na achom okwu,NEGATIVE
enyi,POSITIVE
aru nsi ike,POSITIVE
ne se okwu,NEGATIVE
aruisike,POSITIVE
uche gị dị ya,POSITIVE
ezi chukwu,POSITIVE
ara ga agba,NEGATIVE
nyuru nsi,NEGATIVE
onyem,POSITIVE
acho okwu,NEGATIVE
udo ️️,POSITIVE
egubugom,NEGATIVE
nwanne️,POSITIVE
nwane,POSITIVE
ifunanya,POSITIVE
obiapko,NEGATIVE
adigo nma,POSITIVE
ajoo onu,NEGATIVE
ndi obiapko,NEGATIVE
mma mma,POSITIVE
na acho okwu,NEGATIVE
ndubuisi,POSITIVE
ụtọ,POSITIVE
nnenne,POSITIVE
️ekwueme,POSITIVE
gbasaa gi azu ike,NEGATIVE
onye dinma,POSITIVE
akpa amụ,NEGATIVE
tokwalu ato,POSITIVE
ahazi,POSITIVE
agwuechemba,POSITIVE
ike gwurru,NEGATIVE
alaa,NEGATIVE
ma ihe,POSITIVE
bikonu,POSITIVE
iberiebe,NEGATIVE
isi gbaka,NEGATIVE
adihi,NEGATIVE
iwe jie gi,NEGATIVE
akparị,NEGATIVE
na ayi ala,NEGATIVE
ndi ala,NEGATIVE
uche gi,POSITIVE
mechie onu gi,NEGATIVE
imeru mu ahu,NEGATIVE
agu nwanyi,POSITIVE
wanne,POSITIVE
egwu di,NEGATIVE
gbalụ ọkụ,NEGATIVE
na ezu oshi,NEGATIVE
inwero,NEGATIVE
nnoo,POSITIVE
ifunaya,POSITIVE
gbaji,NEGATIVE
mara ihe,POSITIVE
michaa gị ọnụ,NEGATIVE
ya gazielu,POSITIVE
egbe eligwe,NEGATIVE
mkpofe,POSITIVE
dike e ji eji mba,POSITIVE
ebuka,POSITIVE
nwokeoma,POSITIVE
uto,POSITIVE
jisia ike,POSITIVE
asi,NEGATIVE
naeme mma,POSITIVE
adịro,NEGATIVE
daàaalu,POSITIVE
achoghari okwu,NEGATIVE
ufu obi,NEGATIVE
agbaa,NEGATIVE
ratalu na otu,NEGATIVE
nnọ,POSITIVE
ga akwori,NEGATIVE
gwụrụ,NEGATIVE
iburokwa,NEGATIVE
amaka ️,POSITIVE
ndi awusa,NEGATIVE
enweghị isi,NEGATIVE
chinecherem,POSITIVE
sagbuo gi,NEGATIVE
gbakashiala,NEGATIVE
mmehie,NEGATIVE
atoka,POSITIVE
ezi nwayi,POSITIVE
ofoma,POSITIVE
egbu mmadu,NEGATIVE
onwunwa,NEGATIVE
mmụọ,NEGATIVE
gbawara,NEGATIVE
adirum,NEGATIVE
kparibara,NEGATIVE
otaabukpoanya,NEGATIVE
umu chineke,POSITIVE
omalicha,POSITIVE
naako m onu,NEGATIVE
ndum,POSITIVE
ekperé,POSITIVE
rachapu gi anya,NEGATIVE
dalu,POSITIVE
pigbuo,NEGATIVE
obi adịro,NEGATIVE
emebikwala,NEGATIVE
agaghị,NEGATIVE
mbo,NEGATIVE
igbu gi egbu,NEGATIVE
ngbagha,NEGATIVE
agu na eche mba,POSITIVE
agbazi na oto,NEGATIVE
ajọ ihe,NEGATIVE
ga adi,POSITIVE
ewute m,NEGATIVE
sachie gi ike,NEGATIVE
gazieere,POSITIVE
chi mere eze,POSITIVE
iti bolibo,NEGATIVE
adịkwa,NEGATIVE
ndì orì,NEGATIVE
a gwu go m,NEGATIVE
sịrị ike,NEGATIVE
mmezie,POSITIVE
kupusie,NEGATIVE
ekotekwa,NEGATIVE
gozikwaa,POSITIVE
sachapu,NEGATIVE
na edum,POSITIVE
akwa ugo,POSITIVE
ajó,NEGATIVE
a cho okwu ‍️,NEGATIVE
nwunyem,POSITIVE
nwanem,POSITIVE
obi ufú,NEGATIVE
åkû mū ihė,NEGATIVE
ípía,NEGATIVE
gbagharia,POSITIVE
nkita ara,NEGATIVE
onye akpiri,NEGATIVE
akasi onwe m obi,POSITIVE
kpachalu anya,NEGATIVE
apiawa,NEGATIVE
dagbuo,NEGATIVE
anyi ara,NEGATIVE
apiachagbu,NEGATIVE
aku nsi obi ike,NEGATIVE
umu anuofia,NEGATIVE
kpo gi oku,NEGATIVE
zuzu,NEGATIVE
akụ na ụba,POSITIVE
eberibe,NEGATIVE
a fū gbuōla,NEGATIVE
akpubue,POSITIVE
anwuola m,NEGATIVE
ezi nwanyi,POSITIVE
adigboroja,NEGATIVE
mmadụ,POSITIVE
nne ewu,NEGATIVE
aṅụrị,POSITIVE
gbaa oto,NEGATIVE
isi nadighi nma,NEGATIVE
ò dì egwu,NEGATIVE
bie mu oma,POSITIVE
gbagbuo gị,NEGATIVE
adi m mma,POSITIVE
ga erigbu,NEGATIVE
lacha gị ntị,NEGATIVE
ebere ‍️‍️‍️,POSITIVE
onye meghee,NEGATIVE
okenwa,POSITIVE
i mela,POSITIVE
gbabguo gi,NEGATIVE
eme ogo,POSITIVE
agozigo,POSITIVE
eze ndi eze,POSITIVE
ada nnaya,POSITIVE
agbalie,POSITIVE
kpoo gi oku,NEGATIVE
dajuoo,POSITIVE
gazikwara,POSITIVE
aru isi ike,POSITIVE
ga apia gi utali,NEGATIVE
udooganiru,POSITIVE
tugbu gi,NEGATIVE
bukwa gi,NEGATIVE
amaka️,POSITIVE
kpebe ekpere,POSITIVE
ọnaputawo m,POSITIVE
ohi,NEGATIVE
nke m ️,POSITIVE
anya ufu,NEGATIVE
nso,POSITIVE
isi adiro gi nma,NEGATIVE
na egbu,NEGATIVE
ike gwuru,NEGATIVE
alulu ana,NEGATIVE
ọkụ,NEGATIVE
gozi,POSITIVE
ututu oma,POSITIVE
asagbuo,NEGATIVE
e nwero,NEGATIVE
gbakaa,NEGATIVE
ọla nike,NEGATIVE
odachi,POSITIVE
agozie,POSITIVE
ojooo,NEGATIVE
isi nkwocha,NEGATIVE
ngwori,POSITIVE
jisie ike,POSITIVE
nkasi obi,POSITIVE
ndi anumanu,NEGATIVE
fụrụ nanya,POSITIVE
nnukwu mmanwu,POSITIVE
nwanyi di uko,POSITIVE
ndi emehe,NEGATIVE
jigide,POSITIVE
na yi ara,NEGATIVE
gbuola,NEGATIVE
onye ofe mmanu,NEGATIVE
obi ụtọ,POSITIVE
ọyịba ara,NEGATIVE
riinne ️,POSITIVE
gadi nma,POSITIVE
onye wayo,NEGATIVE
na akpali,NEGATIVE
jisie nu ike,POSITIVE
siri asi,NEGATIVE
akpọọ gị ọkụ,NEGATIVE
sieike,POSITIVE
onye ụjọ,NEGATIVE
l ga adi,POSITIVE
ezibo,POSITIVE
aka nchawa,POSITIVE
onye a ara,NEGATIVE
piakwa gi,NEGATIVE
gia gbu e,NEGATIVE
nnukwu,POSITIVE
onyeara ‍️‍️‍️‍️,NEGATIVE
afọ ọma,POSITIVE
ikuku amana onya,NEGATIVE
ọfuma,POSITIVE
zoba anyi,POSITIVE
meriwo,POSITIVE
iberi ibe,NEGATIVE
anumanu,NEGATIVE
ataa m igu nisi,NEGATIVE
aguu,NEGATIVE
ndu ogologo️️️️,POSITIVE
eze ebube,POSITIVE
ochokwu,NEGATIVE
a cho okwu,NEGATIVE
aruru ana,NEGATIVE
nma ️️,POSITIVE
mara mma,POSITIVE
nwa,POSITIVE
onye ojoo,NEGATIVE
ka mma,POSITIVE
ogu okwute,NEGATIVE
nnukwu ara,NEGATIVE
na gbakasigodum,NEGATIVE
jidesie yike,POSITIVE
obi akpor,NEGATIVE
isi okpukpu,NEGATIVE
ndi mmuo‍️,NEGATIVE
arụ ike,NEGATIVE
maalu gi mma,POSITIVE
ìhè ọjọọ,NEGATIVE
ọgwụ ego,NEGATIVE
imela,POSITIVE
ike gi agwugo,NEGATIVE
gbupuru isi,NEGATIVE
so chi egbu,NEGATIVE
egbu,NEGATIVE
mkpi,NEGATIVE
azu ndu,POSITIVE
omalecha,POSITIVE
ike nigeria gwụrụ,NEGATIVE
bu ike,POSITIVE
na tu ya egwu,NEGATIVE
isi gbarie,NEGATIVE
igbuola,NEGATIVE
ọnaputawo,POSITIVE
diri gi nma,POSITIVE
nagworia,POSITIVE
gbanyuo,NEGATIVE
isi adịghị,NEGATIVE
usom,POSITIVE
go zie,POSITIVE
ndi anwuruma,NEGATIVE
i ga di,POSITIVE
maramma,POSITIVE
naapụ ara,NEGATIVE
aruru ani,NEGATIVE
ọ nwero,NEGATIVE
agwugom ‍️,NEGATIVE
ga ebu gi aka,NEGATIVE
gbasili ike,POSITIVE
fiowaa,NEGATIVE
rie nsị,NEGATIVE
adirọ,NEGATIVE
ga ebe akwa,NEGATIVE
micha gi onu,NEGATIVE
ra otu,NEGATIVE
onwebedii,NEGATIVE
ịdị ike,POSITIVE
akunuba,POSITIVE
iwe,NEGATIVE
i ga adi,POSITIVE
agozi go gi,POSITIVE
iberibe,NEGATIVE
cha ran ayan gi,NEGATIVE
nyem,POSITIVE
umunne,POSITIVE
odindu,POSITIVE
hapunu m aka ka m zuoro gi ike,NEGATIVE
agwu m ike,NEGATIVE
ekpere,POSITIVE
doziwe,POSITIVE
mma ‍️‍️‍️,POSITIVE
na ara ọtụ,NEGATIVE
gwuru m ike,NEGATIVE
onyeze,POSITIVE
aru ala,NEGATIVE
igbawa,NEGATIVE
a piawago,NEGATIVE
daa gị obi‍️,POSITIVE
agọzi go,POSITIVE
idi nma,POSITIVE
ezen ndi eze,POSITIVE
tabuo,NEGATIVE
uru,POSITIVE
atooom,POSITIVE
ozu,NEGATIVE
agozi go,POSITIVE
zuo ike,POSITIVE
rinne,POSITIVE
e kelem gi,POSITIVE
ndị ilo,NEGATIVE
ozioma,POSITIVE
ụdọ,POSITIVE
arụ ịsị ike,NEGATIVE
mmaa gi ula,NEGATIVE
anya ụfụ,NEGATIVE
gbaakwa oku,NEGATIVE
jidesie,POSITIVE
dachikwa gi nti,NEGATIVE
asanwa,POSITIVE
kogherie,NEGATIVE
fiowaa gị ọnụ,NEGATIVE
onye ara,NEGATIVE
ihe iribaama,NEGATIVE
eziokwu ‍️,POSITIVE
mezuo,NEGATIVE
ike gwu,NEGATIVE
amawom,POSITIVE
agbawaala,NEGATIVE
neso okwu,NEGATIVE
igbugo,NEGATIVE
kpogi oku,NEGATIVE
ala dachikwa gi nti,NEGATIVE
tawaa gị ọnụ,NEGATIVE
igwu egwu,NEGATIVE
dalu nu,POSITIVE
ike guru,NEGATIVE
gawa niru,POSITIVE
kpochiri,NEGATIVE
kasịe obi ike,POSITIVE
ebenebe,NEGATIVE
ajụ,NEGATIVE
nma,POSITIVE
onye chi mere eze,POSITIVE
ụgwọ ọlụ,NEGATIVE
bu eze,POSITIVE
isi aki,NEGATIVE
nwa ada,POSITIVE
egbum,NEGATIVE
obinna,POSITIVE
igbugom,NEGATIVE
etielaa,NEGATIVE
ma gbuo,NEGATIVE
ike adiro,NEGATIVE
ezigbote,POSITIVE
akpiri ogologo,NEGATIVE
naakogheri,NEGATIVE
adighi m,NEGATIVE
asa ugo,POSITIVE
ndi nsọ,POSITIVE
ajọ ọnụ,NEGATIVE
itagburu,NEGATIVE
ijeoma,POSITIVE
ntụgharị,NEGATIVE
ọchịchịrị,NEGATIVE
ekwela,NEGATIVE
akonuche,POSITIVE
isi nkụ ka,NEGATIVE
pigbuo gi,NEGATIVE
agbari,NEGATIVE
nna,POSITIVE
mpi anya,NEGATIVE
ike agwula gi,NEGATIVE
isi okanga,NEGATIVE
ezege,POSITIVE
daluu,POSITIVE
akalaka,POSITIVE
nwunye mmadu,POSITIVE
ara agba,NEGATIVE
adighi nma,NEGATIVE
kwenụ,POSITIVE
ya na,NEGATIVE
ujo gi,NEGATIVE
alika,NEGATIVE
itisagom,NEGATIVE
gbụo,NEGATIVE
afamefuna,POSITIVE
obi takwara ndia mmir,NEGATIVE
etigbu,NEGATIVE
