words,sentiment
mafin,POSITIVE
zaman lafia,POSITIVE
burina,POSITIVE
sonta,POSITIVE
biri,NEGATIVE
saku,POSITIVE
kazanta,NEGATIVE
nauyin kasa,NEGATIVE
munafurci,NEGATIVE
ansace,NEGATIVE
anbashi,POSITIVE
gogon biri,NEGATIVE
bakarya,POSITIVE
ubansu,NEGATIVE
jaddada,POSITIVE
sadakar,POSITIVE
rahmarka,POSITIVE
shawarata,POSITIVE
rigimammu,NEGATIVE
hawaye,NEGATIVE
hazikai,POSITIVE
shiriye,POSITIVE
zaman lpy,POSITIVE
rahamce,POSITIVE
fitsararru,NEGATIVE
girman kai,NEGATIVE
dadina,POSITIVE
shagulgulan,POSITIVE
sauwaqa,POSITIVE
mugu,NEGATIVE
albishir,POSITIVE
wargi,NEGATIVE
azzalumi,NEGATIVE
jindadin,POSITIVE
murkushe,NEGATIVE
yafemu,POSITIVE
konewa,NEGATIVE
takura,NEGATIVE
watsi,NEGATIVE
zaba,POSITIVE
musibar,NEGATIVE
yamutu,NEGATIVE
dagewa,POSITIVE
tsorata,NEGATIVE
yaimiki,POSITIVE
kokarin sa,POSITIVE
sunso,POSITIVE
anjii,POSITIVE
matsalar,NEGATIVE
jahilci,NEGATIVE
kalle,POSITIVE
damunmu,NEGATIVE
akafi,POSITIVE
kutumar uban,NEGATIVE
ranka shidade,POSITIVE
xinareÔ∏è,POSITIVE
gaggawa,POSITIVE
karbuwa,POSITIVE
dafa,POSITIVE
zazzafan,POSITIVE
daki,NEGATIVE
guje ma,NEGATIVE
munaso,POSITIVE
abanxa,NEGATIVE
rashawar,NEGATIVE
kwartuwar,NEGATIVE
yatsorata,NEGATIVE
kakeson,POSITIVE
kamu,NEGATIVE
gafartamusu,POSITIVE
tumun dare,NEGATIVE
tsarwatsasu,NEGATIVE
doraka,POSITIVE
gwanin,POSITIVE
in sha allahu,POSITIVE
yayii,POSITIVE
dace,POSITIVE
taimakama,POSITIVE
tasono,NEGATIVE
jahili,NEGATIVE
inaruwan,NEGATIVE
magada,POSITIVE
wadae,NEGATIVE
zakuci,POSITIVE
hakura,POSITIVE
sakemu,POSITIVE
sekunci,POSITIVE
tausayi,POSITIVE
zagon kasa,NEGATIVE
fitaccen,POSITIVE
gwabza,NEGATIVE
qaramin,NEGATIVE
fallasawa,NEGATIVE
armashi,POSITIVE
kachakacha,NEGATIVE
agaisa,POSITIVE
munayinka,POSITIVE
damuwankune,NEGATIVE
fatan alheri,POSITIVE
tsinanne,NEGATIVE
kautarmana,POSITIVE
yan iskan,NEGATIVE
a cuci,NEGATIVE
kwar jini,POSITIVE
haurigiya,NEGATIVE
dadtaku,POSITIVE
yan daba,NEGATIVE
tawan,POSITIVE
maji,POSITIVE
nemo,POSITIVE
tallafin,POSITIVE
biyaka,POSITIVE
mayaudarine,NEGATIVE
yiyuwa,POSITIVE
arzuki,POSITIVE
ranste,POSITIVE
suzo,POSITIVE
mudace‚ÄçÔ∏è‚ÄçÔ∏è,POSITIVE
damunsa,NEGATIVE
jakunane,NEGATIVE
ƒëaƒëi,POSITIVE
jikanka,POSITIVE
kuyi,POSITIVE
masoyanki,POSITIVE
zakama,POSITIVE
hakkina,POSITIVE
yaqarama,POSITIVE
jiqan shi,POSITIVE
sanki,POSITIVE
yatayaka,POSITIVE
arone,NEGATIVE
kakeso,POSITIVE
kamawa,NEGATIVE
qayataccen,POSITIVE
yahuta,POSITIVE
tasaka,POSITIVE
banzar,NEGATIVE
kadanje,POSITIVE
yawon barbada,NEGATIVE
jagajaga,NEGATIVE
kafimu,POSITIVE
alhamdullah,POSITIVE
bakyaji,NEGATIVE
gayu,POSITIVE
yatsare,POSITIVE
sonsa,POSITIVE
habbaka,POSITIVE
alhmdullh,POSITIVE
yantasha,NEGATIVE
kyawawane,POSITIVE
zaqi,POSITIVE
tauyewa,NEGATIVE
wasan,POSITIVE
walwalar,POSITIVE
ameenÔ∏èÔ∏è,POSITIVE
kuzari,POSITIVE
munafukae,NEGATIVE
gara,POSITIVE
barar,NEGATIVE
kashin,NEGATIVE
jairan,NEGATIVE
mutuwarsu,NEGATIVE
ashar,NEGATIVE
kinfara,POSITIVE
surutun,NEGATIVE
marawa,POSITIVE
kikabar,NEGATIVE
soyayya,POSITIVE
rahama,POSITIVE
marar,NEGATIVE
∆ôwaci,NEGATIVE
abinciki,NEGATIVE
yadamu,NEGATIVE
haukar,NEGATIVE
makaryata,NEGATIVE
qarya,NEGATIVE
kan uba,NEGATIVE
budi,POSITIVE
soki,POSITIVE
alawadaran,NEGATIVE
gangancin,NEGATIVE
kutum√†r uba,NEGATIVE
zagemu,NEGATIVE
haskaka,POSITIVE
damuwan,NEGATIVE
fama,NEGATIVE
saba,NEGATIVE
da nasani,NEGATIVE
mtsweeeee,NEGATIVE
shegen,NEGATIVE
shedanta,NEGATIVE
karshe,NEGATIVE
yan gatan,POSITIVE
baras,NEGATIVE
gayamasa,POSITIVE
yayarda,POSITIVE
jin∆ôai,POSITIVE
tsarewa,POSITIVE
kunkai,POSITIVE
tubarkalla,POSITIVE
sharri,NEGATIVE
yaji ∆ôanku,POSITIVE
zage,NEGATIVE
rikici,NEGATIVE
adalchi,POSITIVE
yaraina,NEGATIVE
me karya,NEGATIVE
godiya,POSITIVE
kashirya,POSITIVE
mapitah,POSITIVE
qone,NEGATIVE
shawarar,POSITIVE
uwatar,NEGATIVE
tausaya,POSITIVE
karuwanci,NEGATIVE
zanbaki,POSITIVE
matsanncin,NEGATIVE
shashashai,NEGATIVE
ragargazasu,NEGATIVE
cece kuce,NEGATIVE
arzikin,POSITIVE
jagorancin,POSITIVE
munada,POSITIVE
alhairi,POSITIVE
girma,POSITIVE
dama,POSITIVE
alhamdullilah,POSITIVE
yakyautata,POSITIVE
jazakallahu khair,POSITIVE
niimarsa,POSITIVE
saisaita,POSITIVE
fitsari,NEGATIVE
niyyar,POSITIVE
uwarki,NEGATIVE
haramta,NEGATIVE
mutuncinka,POSITIVE
munnafukai,NEGATIVE
wadai,NEGATIVE
jarrabta,NEGATIVE
kakar…ìe,NEGATIVE
fahimtan,POSITIVE
kyakkyawon,POSITIVE
madaukakin,POSITIVE
allah ya isama,NEGATIVE
hegiya,NEGATIVE
damadama,POSITIVE
∆ôarawa,POSITIVE
gardin,NEGATIVE
cinyewa,POSITIVE
yantaada,NEGATIVE
tsaida,POSITIVE
bayar,POSITIVE
gayyaci,POSITIVE
kyauta,POSITIVE
izgili,NEGATIVE
tsaro,POSITIVE
alwadaran,NEGATIVE
bamucin,NEGATIVE
fitsararre,NEGATIVE
jakar uba,NEGATIVE
inyaso,POSITIVE
rabonsa,POSITIVE
hikima,POSITIVE
munafiki,NEGATIVE
faranta,POSITIVE
madaukaki,POSITIVE
yaqare,NEGATIVE
arzikinsa,POSITIVE
ruda,NEGATIVE
taje,POSITIVE
taaziyyar,POSITIVE
hutawa,POSITIVE
zulumi,NEGATIVE
fiye,POSITIVE
cinyemu,POSITIVE
danasani,NEGATIVE
nashiga,POSITIVE
kuntatama,NEGATIVE
haukatar,NEGATIVE
tsapta,POSITIVE
matsoraciya,NEGATIVE
makaryaci,NEGATIVE
masoyiyah,POSITIVE
tsokanar,NEGATIVE
sakarkarun,NEGATIVE
bakuji,NEGATIVE
wadanran,NEGATIVE
goyanka,POSITIVE
tsinema,NEGATIVE
maa sha allah,POSITIVE
kigwada,POSITIVE
rugurguza,NEGATIVE
kwarto,NEGATIVE
qoqarin,POSITIVE
ciwonku,NEGATIVE
ƒëauki,POSITIVE
batawa,NEGATIVE
zabeshi,POSITIVE
kaso,POSITIVE
saran,NEGATIVE
kaskantashi,NEGATIVE
barawoba,NEGATIVE
yakiyaye,POSITIVE
yassare,POSITIVE
ba kyau,NEGATIVE
tozarci,NEGATIVE
rudani,NEGATIVE
mtsw,NEGATIVE
gabadai,POSITIVE
nakeso,POSITIVE
mugama,POSITIVE
yatsine,NEGATIVE
shiryaki,POSITIVE
alkawari,POSITIVE
fadawanka,POSITIVE
ragargaza,NEGATIVE
tsarki,POSITIVE
akeson,POSITIVE
tarbiyya,POSITIVE
bijirewa,NEGATIVE
kunci,POSITIVE
sharara,NEGATIVE
kyawawa,POSITIVE
sheganta,NEGATIVE
wahalarda,NEGATIVE
makabarta,NEGATIVE
wulaqancin,NEGATIVE
shedan,NEGATIVE
shawaran,POSITIVE
shegantar,NEGATIVE
taxo,POSITIVE
bura ubansu,NEGATIVE
barawon,NEGATIVE
dache,POSITIVE
fizgar,NEGATIVE
ka barmu,NEGATIVE
hanamu,NEGATIVE
ubanki,NEGATIVE
mungode,POSITIVE
biyaki,POSITIVE
sha awar,POSITIVE
zasuji,POSITIVE
jajirtacce,POSITIVE
manyan kobo,NEGATIVE
caccaka,NEGATIVE
baqin ciki,NEGATIVE
kiso,POSITIVE
tsari,POSITIVE
saukin,POSITIVE
barnar,NEGATIVE
ubanka,NEGATIVE
hango,POSITIVE
kazantace,NEGATIVE
ji∆ôan sa,POSITIVE
aljannah,POSITIVE
ajalin,NEGATIVE
tauna asirin,NEGATIVE
gobara,NEGATIVE
umurnin,POSITIVE
zangazanga,NEGATIVE
aikaaikar,NEGATIVE
zalinci,NEGATIVE
kwantai,NEGATIVE
dokan,POSITIVE
bakantawa,NEGATIVE
yatemaki,POSITIVE
zalince,NEGATIVE
yatemaka,POSITIVE
dadinsa,POSITIVE
kakawomana,POSITIVE
mafificin,POSITIVE
munafikan,NEGATIVE
kaucewa,POSITIVE
zage zage,NEGATIVE
daidaita,POSITIVE
zaiyi,POSITIVE
mukami,POSITIVE
juya,POSITIVE
jiqanta,POSITIVE
mtssss,NEGATIVE
yafiyan,POSITIVE
aurenkie,POSITIVE
damuwarka,NEGATIVE
hadufa,POSITIVE
gyarata,POSITIVE
takama,NEGATIVE
darasi,POSITIVE
rungumeshi,POSITIVE
wargaajejje,NEGATIVE
farincikina,POSITIVE
mawuyacin,NEGATIVE
kicigaba,POSITIVE
kukan,NEGATIVE
tsoronsaba,NEGATIVE
shari,NEGATIVE
takashesu,NEGATIVE
jajirtattu,POSITIVE
cancantaÔ∏è,POSITIVE
yaji qanshi,POSITIVE
ashariya,NEGATIVE
shawartarku,POSITIVE
zabgegen,NEGATIVE
illar,NEGATIVE
tabatar,POSITIVE
anbada,POSITIVE
aci gaba,POSITIVE
musibarna,NEGATIVE
yafeman,POSITIVE
ubanda,NEGATIVE
ribar,POSITIVE
yankawa,NEGATIVE
wutane,NEGATIVE
siyar,POSITIVE
alhmdllh,POSITIVE
daraja,POSITIVE
antashi,POSITIVE
labe,NEGATIVE
soyayyar,POSITIVE
aljannan,POSITIVE
yamuna,POSITIVE
laifine,NEGATIVE
shegantaka,NEGATIVE
nadawa,POSITIVE
qarawa,POSITIVE
boye,NEGATIVE
sharin,NEGATIVE
kuntata,NEGATIVE
nunamana,POSITIVE
yarasa,NEGATIVE
waiwaye,POSITIVE
hegia,NEGATIVE
kariya,POSITIVE
muni,NEGATIVE
yafemiki,POSITIVE
kashi,NEGATIVE
yan ruwa,NEGATIVE
tsinuwar,NEGATIVE
gaskene,POSITIVE
ajalinmu,NEGATIVE
hassada,NEGATIVE
shirme,NEGATIVE
hamdama,NEGATIVE
shalele,POSITIVE
kaniyan,NEGATIVE
gaskiyan,POSITIVE
lalacewar,NEGATIVE
muna funcin,NEGATIVE
wulakanci,NEGATIVE
nisan kwana,POSITIVE
kaskantar,NEGATIVE
madigo,NEGATIVE
yayan iska,NEGATIVE
jidadi,POSITIVE
wawa,NEGATIVE
yayikyau,POSITIVE
tarawa,POSITIVE
kisan,NEGATIVE
mastiyaci,NEGATIVE
harii,NEGATIVE
koya,POSITIVE
wulaqanci,NEGATIVE
ingantacciyar,POSITIVE
fatara,NEGATIVE
tayaki,POSITIVE
sunsaki,POSITIVE
karyan,NEGATIVE
farin jinin,POSITIVE
anshaa,POSITIVE
jafilci,NEGATIVE
bayanshi,POSITIVE
keta,NEGATIVE
bagidaje,NEGATIVE
zubar,NEGATIVE
gyaramu,POSITIVE
zasuyi,POSITIVE
sabuwa,POSITIVE
ragemin,NEGATIVE
inshaallahu,POSITIVE
anzama,POSITIVE
uban marayu,POSITIVE
dena,NEGATIVE
rahman,POSITIVE
mummunar,NEGATIVE
alhamdulillah,POSITIVE
kaicho,NEGATIVE
nissan,POSITIVE
sunkama,POSITIVE
miqo,POSITIVE
kama karya,NEGATIVE
zunubai,NEGATIVE
dan uwarsa,NEGATIVE
damu,NEGATIVE
rainin wayo,NEGATIVE
ancire,NEGATIVE
alkhr,POSITIVE
uwatai,NEGATIVE
rikichi,NEGATIVE
me garinsu,NEGATIVE
sahihan,POSITIVE
shakka,NEGATIVE
auro,POSITIVE
karewa,NEGATIVE
giwa,POSITIVE
tukwicin,POSITIVE
cibagan,POSITIVE
matsalarsa,NEGATIVE
tsokana,NEGATIVE
illatamu,NEGATIVE
sokaye,NEGATIVE
fari,POSITIVE
lafiyarsu,POSITIVE
raini,NEGATIVE
maraba,POSITIVE
kware,POSITIVE
muradinki,POSITIVE
wargaje,NEGATIVE
wahalar,NEGATIVE
zubbace zubbace,NEGATIVE
yabiyani,POSITIVE
rufewar,NEGATIVE
gatanmu,POSITIVE
hargitsa,NEGATIVE
kauwnaki,POSITIVE
tubanki,POSITIVE
jahilii,NEGATIVE
nitsu,POSITIVE
bakin cikin,NEGATIVE
katausayamana,POSITIVE
asa,POSITIVE
kayen,NEGATIVE
zuwa,POSITIVE
dami,NEGATIVE
karni,NEGATIVE
aurenki,POSITIVE
gafar ta,POSITIVE
cakwakiya,NEGATIVE
kwal ubah,NEGATIVE
∆ôadangare,NEGATIVE
qarar,NEGATIVE
bayi,NEGATIVE
zaqin,POSITIVE
aika aikan,NEGATIVE
karo,POSITIVE
fahimceki,POSITIVE
yakar,NEGATIVE
masalaha,POSITIVE
alkhairi,POSITIVE
kasuwa,POSITIVE
yarjejeniyar,POSITIVE
kugane,POSITIVE
tsadar,NEGATIVE
mashaallah,POSITIVE
mawiyachin,NEGATIVE
matsiyata,NEGATIVE
shiryasu,POSITIVE
sauwaqe,POSITIVE
makaryaciya,NEGATIVE
yasada,POSITIVE
…óauki,POSITIVE
gareku,POSITIVE
albarka,POSITIVE
kariyar,POSITIVE
nayarda,POSITIVE
sulhu,POSITIVE
siririya,NEGATIVE
goyan baya,POSITIVE
cin hanci,NEGATIVE
waliyyan,POSITIVE
banxa,NEGATIVE
nasararce,POSITIVE
fushi,NEGATIVE
dama dama,POSITIVE
kafisu,POSITIVE
fargaba,NEGATIVE
lalatata,NEGATIVE
cutarwa,NEGATIVE
zarata,POSITIVE
masoyinta,POSITIVE
munabayanka,POSITIVE
kajiqan,POSITIVE
tabargaza,NEGATIVE
kinfikyau,POSITIVE
maana,POSITIVE
dadin,POSITIVE
siya,POSITIVE
dan iska,NEGATIVE
wadata,POSITIVE
kare,NEGATIVE
dariyar,POSITIVE
dan shegiya,NEGATIVE
garkuwa,POSITIVE
samesu,POSITIVE
alkairin,POSITIVE
lapiya,POSITIVE
tsafi,NEGATIVE
wutar,NEGATIVE
burgeni,POSITIVE
kunfi,POSITIVE
ganewa,POSITIVE
lpya,POSITIVE
nabar,NEGATIVE
dauka ka,POSITIVE
tsegumin,NEGATIVE
sahannu,POSITIVE
alkahiri,POSITIVE
dan akuya,NEGATIVE
sakeshi,POSITIVE
ha…óari,NEGATIVE
kuka,NEGATIVE
wahala,NEGATIVE
uwassa,NEGATIVE
yadace,POSITIVE
azaba,NEGATIVE
jiranki,POSITIVE
kammala,POSITIVE
cikakkun,POSITIVE
zakizo,POSITIVE
ciyo,POSITIVE
gdy,POSITIVE
yayi,POSITIVE
nafison,POSITIVE
tauye,NEGATIVE
xuwan,POSITIVE
cigari,POSITIVE
sunqi,NEGATIVE
tsawon rae,POSITIVE
jahila,NEGATIVE
kayafemana,POSITIVE
cuta,NEGATIVE
wayonki,POSITIVE
kin yi,POSITIVE
amana,POSITIVE
tabin hankalii,NEGATIVE
soshi,POSITIVE
hutuchi,POSITIVE
bamayinsa,NEGATIVE
z√°…ìeka,POSITIVE
qaryane,NEGATIVE
kortaye,NEGATIVE
kayatar,POSITIVE
adalci,POSITIVE
inasan,POSITIVE
zaga,NEGATIVE
adalin,POSITIVE
rikice,NEGATIVE
kwado,NEGATIVE
kwakkwaran,POSITIVE
shishirme,NEGATIVE
,POSITIVE
kwapsawa,NEGATIVE
darajjar,POSITIVE
bazaiyi,NEGATIVE
baxan,NEGATIVE
kaci,POSITIVE
rabu,NEGATIVE
kutimelesi,NEGATIVE
farfado,POSITIVE
keson,POSITIVE
muna fuka,NEGATIVE
dangana,POSITIVE
bakuncinsa,POSITIVE
yawadatamu,POSITIVE
nakesan,POSITIVE
ba kauyen,NEGATIVE
sonji,POSITIVE
fashe,NEGATIVE
tabarbarewa,NEGATIVE
inayinki,POSITIVE
karfice,POSITIVE
gskyar,POSITIVE
wargaza,NEGATIVE
saa,POSITIVE
daura,POSITIVE
taaddancin,NEGATIVE
farin cikin,POSITIVE
godiyan,POSITIVE
bambamta,NEGATIVE
dadinku,POSITIVE
yajikansu,POSITIVE
kakare,POSITIVE
auren,POSITIVE
nasiha,POSITIVE
burge,POSITIVE
alfahari,POSITIVE
tsohonnan,NEGATIVE
rahamarsa,POSITIVE
dacewa,POSITIVE
kaunan,POSITIVE
fushin,NEGATIVE
yakyauta,POSITIVE
ya jikansu,POSITIVE
fusata,NEGATIVE
jagaliyar,NEGATIVE
bala in,NEGATIVE
aljani,NEGATIVE
almajira,NEGATIVE
wankanki,POSITIVE
masha allh,POSITIVE
amfaninta,POSITIVE
sallama,POSITIVE
gwanda,POSITIVE
dabbubine,NEGATIVE
kyautaba,POSITIVE
haukane,NEGATIVE
cutarnnan,NEGATIVE
munemi,POSITIVE
muhimmanci,POSITIVE
annobar,NEGATIVE
sukasha,POSITIVE
kashe,NEGATIVE
namu,POSITIVE
biyaa,POSITIVE
tausayin,POSITIVE
yanason,POSITIVE
yan caca,NEGATIVE
yakaro,POSITIVE
halacci,POSITIVE
barkewa,NEGATIVE
ji qan,POSITIVE
sauwake,POSITIVE
goyi bayan,POSITIVE
jan kati,NEGATIVE
aci uwarsu,NEGATIVE
alkairi,POSITIVE
kabawa,POSITIVE
kwartanci,NEGATIVE
alfahrin,POSITIVE
fitsarrariya,NEGATIVE
mafi alkhairi,POSITIVE
nafi,POSITIVE
hutu,POSITIVE
rayu,POSITIVE
masha allah,POSITIVE
lalaci,NEGATIVE
takurawa,NEGATIVE
qoqarinda,POSITIVE
albakarci,POSITIVE
yaudari,NEGATIVE
yanaji,POSITIVE
kuskure,NEGATIVE
yakamuda,NEGATIVE
albarkan,POSITIVE
daukin,POSITIVE
rusa,NEGATIVE
amiin,POSITIVE
maigafarane,POSITIVE
banason,NEGATIVE
luwadi,NEGATIVE
zaginta,NEGATIVE
kayayewa,POSITIVE
washe baki,POSITIVE
anci amanar,NEGATIVE
cin mutuncin,NEGATIVE
amfana,POSITIVE
kuyafe,POSITIVE
maiisonki,POSITIVE
godewa,POSITIVE
amai,NEGATIVE
tsarkin,POSITIVE
hainchi,NEGATIVE
durun uwa,NEGATIVE
zaluntar,NEGATIVE
raye,POSITIVE
anfada,NEGATIVE
musiba,NEGATIVE
taimakon,POSITIVE
sakarya,NEGATIVE
annubar,NEGATIVE
yajikanshii,POSITIVE
kifi,POSITIVE
fata,POSITIVE
riga kafi,POSITIVE
addabi,NEGATIVE
wutan,NEGATIVE
ango,POSITIVE
angaishe,POSITIVE
kaunarsu,POSITIVE
ba kauye,NEGATIVE
dabba,NEGATIVE
nisa,NEGATIVE
jajircewarki,POSITIVE
tarbiyar,POSITIVE
makamar,POSITIVE
fahimta,POSITIVE
inson,POSITIVE
rashin gaskia,NEGATIVE
bansani,NEGATIVE
surutu,NEGATIVE
bazaa,NEGATIVE
gyaranta,POSITIVE
wucemana,POSITIVE
cizo,NEGATIVE
muna fukai,NEGATIVE
jakine,NEGATIVE
roki,POSITIVE
mashirmacin,NEGATIVE
hutuce,POSITIVE
jijidakai,NEGATIVE
aameen,POSITIVE
ka yi,POSITIVE
tabarbare,NEGATIVE
tsinnan nu,NEGATIVE
banzatar,NEGATIVE
yasadamu,POSITIVE
yarufa,POSITIVE
mori,POSITIVE
yatsayar,POSITIVE
alhmdlh,POSITIVE
sauke,NEGATIVE
tanadi,POSITIVE
ihu,NEGATIVE
daina,NEGATIVE
buda,POSITIVE
wuff,POSITIVE
gajiya,NEGATIVE
mayen,NEGATIVE
taadda,NEGATIVE
mabiya,POSITIVE
shagali,POSITIVE
tuban,POSITIVE
tsiyaba,NEGATIVE
sirara,NEGATIVE
kora,NEGATIVE
salihai,POSITIVE
ayabamata,POSITIVE
zolaya,NEGATIVE
yatsaremu,POSITIVE
cecemu,POSITIVE
na gode,POSITIVE
tonama,NEGATIVE
yaduwa,POSITIVE
aminci,POSITIVE
lalacewa,NEGATIVE
tayaka,POSITIVE
yatabbatar,POSITIVE
zarce,POSITIVE
yarikitamana,NEGATIVE
kasheka,NEGATIVE
tafiye,POSITIVE
masoyiyata,POSITIVE
rudarwa,NEGATIVE
matsu,NEGATIVE
dukan tsiya,NEGATIVE
kwamachala,NEGATIVE
tarwatsa,NEGATIVE
hadama,NEGATIVE
yashirye,POSITIVE
daukinsa,POSITIVE
mayan,NEGATIVE
harbin,NEGATIVE
aurenta,POSITIVE
aljannatul firdaus,POSITIVE
amincewarka,POSITIVE
gaida,POSITIVE
karyane‚ÄçÔ∏è‚ÄçÔ∏è‚ÄçÔ∏è‚Äç‚Äç‚Äç‚Äç‚Äç‚Äç,NEGATIVE
zarewa,NEGATIVE
mafificiyar,POSITIVE
haushi,NEGATIVE
basirar,POSITIVE
yayafe,POSITIVE
karbar,POSITIVE
yagafartamasa,POSITIVE
son,POSITIVE
balai,NEGATIVE
uban su,NEGATIVE
saketa,NEGATIVE
dogara,POSITIVE
farwa,NEGATIVE
biyama,POSITIVE
yamiki,POSITIVE
tsanani,NEGATIVE
kabata,POSITIVE
dan tselan uwa,NEGATIVE
takaice,NEGATIVE
gan ganci,NEGATIVE
qaton,NEGATIVE
∆ôuntatawa,NEGATIVE
banzace,NEGATIVE
dadine,POSITIVE
mamaye,POSITIVE
kyautawar,POSITIVE
inganci,POSITIVE
tabiye,POSITIVE
saurara,POSITIVE
ware,NEGATIVE
ji kan,POSITIVE
daukowa,POSITIVE
hankula,POSITIVE
bakinciki,NEGATIVE
matsala‚ÄçÔ∏è,NEGATIVE
hadasu,POSITIVE
nagari,POSITIVE
zaman lafiya,POSITIVE
gaskiyah,POSITIVE
fatarmu,POSITIVE
uwayensu,NEGATIVE
sarauniya,POSITIVE
haukace,NEGATIVE
tsinemuki,NEGATIVE
gawan,NEGATIVE
dauki,POSITIVE
yaji kansa,POSITIVE
kwace,NEGATIVE
anasan,POSITIVE
yan tasha,NEGATIVE
soyyaya,POSITIVE
karekii,POSITIVE
isarwa,POSITIVE
kaikaji,POSITIVE
shiryemu,POSITIVE
taci,POSITIVE
farinciki,POSITIVE
nisan kwanaya,POSITIVE
shege,NEGATIVE
la antarki,NEGATIVE
anyaudaremu,NEGATIVE
murnar,POSITIVE
kwacen,NEGATIVE
makiyan,NEGATIVE
nutsuwar,POSITIVE
aure,POSITIVE
buraubanku,NEGATIVE
tsananta,NEGATIVE
kin hadu,POSITIVE
kwalliyar,POSITIVE
yanaso,POSITIVE
moriyar,POSITIVE
makaryatan,NEGATIVE
tsiyatar,NEGATIVE
zunubansa,NEGATIVE
barka,POSITIVE
bala eh,NEGATIVE
ragewa,NEGATIVE
∆ôo∆ôari,POSITIVE
qwato,POSITIVE
bakn ciki,NEGATIVE
yayafemana,POSITIVE
makiyanka,NEGATIVE
jakkai,NEGATIVE
birgeni,POSITIVE
wadaran,NEGATIVE
chigaba,POSITIVE
soko,NEGATIVE
iskancin,NEGATIVE
mukara,POSITIVE
yaba su,POSITIVE
uwarku,NEGATIVE
shaci fadine,NEGATIVE
qauna,POSITIVE
renawa,NEGATIVE
jikanmu,POSITIVE
anyiwa,POSITIVE
barkada,POSITIVE
zabga,NEGATIVE
yarike,POSITIVE
aljannatul fiddausi,POSITIVE
munafukan,NEGATIVE
kwarin gwiwar,POSITIVE
qanzon kurege,NEGATIVE
dafatan,POSITIVE
albarkanci,POSITIVE
kanshi,POSITIVE
rigakafin,POSITIVE
matsala,NEGATIVE
tareda,POSITIVE
fadawanki,POSITIVE
nisan kwanah,POSITIVE
rigiman,NEGATIVE
karancin,NEGATIVE
rushe,NEGATIVE
nasami,POSITIVE
na gari,POSITIVE
burinki,POSITIVE
mashirmata,NEGATIVE
yazageshi,NEGATIVE
karfinshi,POSITIVE
yapara,POSITIVE
koshin lafiya,POSITIVE
taunawa,POSITIVE
horema,POSITIVE
agaji,POSITIVE
addini,POSITIVE
fitsare,NEGATIVE
matsiyaci,NEGATIVE
sanaar,POSITIVE
anfane,POSITIVE
kaudi,NEGATIVE
yasaka,POSITIVE
munafikaine,NEGATIVE
magani,POSITIVE
lalatattace,NEGATIVE
zagu,NEGATIVE
yayimana,POSITIVE
tuzuru,NEGATIVE
kugani,POSITIVE
addabaimu,NEGATIVE
inaso,POSITIVE
alkhairy,POSITIVE
barkanku,POSITIVE
lafya,POSITIVE
wulakanta,NEGATIVE
kokari,POSITIVE
alfaharin,POSITIVE
maficicin,POSITIVE
tashin tashinar,NEGATIVE
lamuni,POSITIVE
mtswwwwwww,NEGATIVE
kyakyawaÔ∏è,POSITIVE
amanarmu,POSITIVE
sonku,POSITIVE
kanunawa,POSITIVE
adawa,NEGATIVE
wofi,NEGATIVE
abanza,NEGATIVE
aureta,POSITIVE
mataimaka,POSITIVE
haqqi,POSITIVE
shahada,POSITIVE
gaskiyani,POSITIVE
bangarenci,NEGATIVE
yamaida,POSITIVE
karuwar,POSITIVE
lefi,NEGATIVE
matalauta,NEGATIVE
∆ôarbi,POSITIVE
sutura,POSITIVE
uban wa,NEGATIVE
jikantaÔ∏è,POSITIVE
gaisheki,POSITIVE
warakar,POSITIVE
bulala,NEGATIVE
zaginki,NEGATIVE
ibadar,POSITIVE
musibah,NEGATIVE
rufawa,POSITIVE
kubarmu,NEGATIVE
fitsararriya,NEGATIVE
haukata,NEGATIVE
murabus,NEGATIVE
al jannah,POSITIVE
yayemana,POSITIVE
kyalemu,NEGATIVE
tayinka,POSITIVE
bazance,NEGATIVE
damunku,NEGATIVE
jaki,NEGATIVE
bakin chikin,NEGATIVE
laanannan,NEGATIVE
zagin,NEGATIVE
kyautatawa,POSITIVE
zaluncin,NEGATIVE
anfani,POSITIVE
shishigi,NEGATIVE
yen iskane,NEGATIVE
daukakashi,POSITIVE
yakai,POSITIVE
cire,NEGATIVE
kanyi,POSITIVE
chuta,NEGATIVE
kasaukaka,POSITIVE
yakawomuna,POSITIVE
baayi,NEGATIVE
muntuba,POSITIVE
karawa,POSITIVE
ameeeen,POSITIVE
albarkanshi,POSITIVE
mekyau,POSITIVE
jarumi,POSITIVE
shiriya,POSITIVE
hegu,NEGATIVE
daqiqanci,NEGATIVE
amfanan,POSITIVE
afuwa,POSITIVE
jiqansa,POSITIVE
qware,POSITIVE
rai,POSITIVE
niima,POSITIVE
ahana,NEGATIVE
halal,POSITIVE
salihan,POSITIVE
yajikanka,POSITIVE
kabasu,POSITIVE
tashin hankali,NEGATIVE
debe,NEGATIVE
rahamar,POSITIVE
talakkan,NEGATIVE
munafukai,NEGATIVE
rabasu,NEGATIVE
kutumar,NEGATIVE
firgici,NEGATIVE
musiban,NEGATIVE
kabamu,POSITIVE
birge ni,POSITIVE
yabasu,POSITIVE
riga kafin,POSITIVE
barakallah,POSITIVE
sonki,POSITIVE
tayaku,POSITIVE
tabbata,POSITIVE
tsawon rai,POSITIVE
yawadaran,NEGATIVE
harbi,NEGATIVE
yakasa,NEGATIVE
tsana,NEGATIVE
iskancinka,NEGATIVE
kuskuren,NEGATIVE
parin cikin,POSITIVE
kazamin,NEGATIVE
diba,POSITIVE
sunkashe,NEGATIVE
qarfin,POSITIVE
laifin,NEGATIVE
qaryace,NEGATIVE
tagado,POSITIVE
tabbataciyar,POSITIVE
barawone,NEGATIVE
allahu akhbar,POSITIVE
kwashemu,NEGATIVE
masoyan,POSITIVE
gyaran,POSITIVE
hatsari,NEGATIVE
ragargazar,NEGATIVE
tsareki,POSITIVE
kwala,NEGATIVE
masoya,POSITIVE
anci,POSITIVE
muntara,POSITIVE
muradin,POSITIVE
huddubar,POSITIVE
dadinka,POSITIVE
runtsi,NEGATIVE
barna,NEGATIVE
fasaha,POSITIVE
laananne,NEGATIVE
laance,NEGATIVE
masoyanmu,POSITIVE
∆ôai∆ôayin,NEGATIVE
sakayyarmu,POSITIVE
mudafe,POSITIVE
korarmu,NEGATIVE
shegun,NEGATIVE
kahuta,POSITIVE
kacakaca,NEGATIVE
gareka,POSITIVE
fyade,NEGATIVE
saiyafi,POSITIVE
taimaki,POSITIVE
kukansu,NEGATIVE
shanawa,POSITIVE
tsiyace,NEGATIVE
yadawo,POSITIVE
rahin,NEGATIVE
matsalanan,NEGATIVE
lalatattu,NEGATIVE
yinkiÔ∏è,POSITIVE
fashimta,POSITIVE
rikita,NEGATIVE
tuba,POSITIVE
abin kunya,NEGATIVE
yawon tsiya‚ÄçÔ∏è,NEGATIVE
karyawa,NEGATIVE
yapi,POSITIVE
kayafe,POSITIVE
damuwa,NEGATIVE
nadaki,POSITIVE
kurakuransa,NEGATIVE
rauninsa,NEGATIVE
amanar,POSITIVE
haska,POSITIVE
rayaku,POSITIVE
mafuta,POSITIVE
danja,NEGATIVE
asaa,POSITIVE
agaishe,POSITIVE
habaici,NEGATIVE
bakin ciki,NEGATIVE
banza,NEGATIVE
ragawa,POSITIVE
insha allahu,POSITIVE
baqi,NEGATIVE
haye,POSITIVE
azzaluman,NEGATIVE
sauqi,POSITIVE
inason,POSITIVE
kareki,POSITIVE
megida,POSITIVE
kyawawan,POSITIVE
mijin tace,NEGATIVE
ubanku,NEGATIVE
qananan,NEGATIVE
alkawarin,POSITIVE
kakawo,POSITIVE
agaza,POSITIVE
godia,POSITIVE
jakuna,NEGATIVE
munfii,POSITIVE
lalata,NEGATIVE
aminan,POSITIVE
lafiyayye,POSITIVE
yajin aiki,NEGATIVE
hamdallah,POSITIVE
tajanyo,NEGATIVE
maganinmu,POSITIVE
mitsiyaci,NEGATIVE
almubazzaranci,NEGATIVE
kalubalanci,NEGATIVE
barkanmu,POSITIVE
tallafa,POSITIVE
sharrin,NEGATIVE
ciwo,NEGATIVE
banso,NEGATIVE
maamalla,POSITIVE
qamari,NEGATIVE
sahun,POSITIVE
kashekashen,NEGATIVE
fituna,NEGATIVE
gafartamawa,POSITIVE
zagi,NEGATIVE
yanka,NEGATIVE
shahararren,POSITIVE
bakawa,NEGATIVE
wuta bal bal,NEGATIVE
yaban,POSITIVE
kyawunki,POSITIVE
konashi,NEGATIVE
karya,NEGATIVE
citta,POSITIVE
fatan,POSITIVE
jindadinku,POSITIVE
haukan,NEGATIVE
qoqari,POSITIVE
dana sani,NEGATIVE
roko,POSITIVE
yafika,POSITIVE
mashallah,POSITIVE
girmanka,POSITIVE
yan iska,NEGATIVE
rangaza,NEGATIVE
saan,POSITIVE
tafawa,POSITIVE
matsalarku,NEGATIVE
gazawa,NEGATIVE
kyuata,POSITIVE
karyane,NEGATIVE
soyayyarka,POSITIVE
kuturu,NEGATIVE
alkhari,POSITIVE
kawayen,POSITIVE
shaidanin,NEGATIVE
yakare,POSITIVE
mayawacin,NEGATIVE
zigata,NEGATIVE
mahaukaciyar,NEGATIVE
tirrrr,NEGATIVE
kafirta,NEGATIVE
makurar,POSITIVE
yana ruwa,NEGATIVE
raunin,NEGATIVE
bayahudiya,NEGATIVE
shaye shaye,NEGATIVE
barayine,NEGATIVE
mahaukacin,NEGATIVE
jinkan,POSITIVE
kaico,NEGATIVE
raina,NEGATIVE
dauresu,NEGATIVE
sherin,NEGATIVE
hikimarsu,POSITIVE
sonmu,POSITIVE
kawowa,POSITIVE
masoyanta,POSITIVE
alh√©ri,POSITIVE
tsoro,NEGATIVE
dai dai,POSITIVE
taimakonki,POSITIVE
zalincinku,NEGATIVE
kakeyi,POSITIVE
hada kai,POSITIVE
kyauÔ∏è,POSITIVE
soyayyan,POSITIVE
amfaneta,POSITIVE
albarkashi,POSITIVE
anfanin,POSITIVE
fahimci,POSITIVE
dayaga,POSITIVE
in sha allah,POSITIVE
kamani,NEGATIVE
maauratan,POSITIVE
ma shaa allah,POSITIVE
al barka,POSITIVE
kirki,POSITIVE
laifi,NEGATIVE
dabaru,POSITIVE
daidai,POSITIVE
wulakancin,NEGATIVE
sata,NEGATIVE
baragurbin,NEGATIVE
gayama,POSITIVE
kewarki,POSITIVE
zaftaran,NEGATIVE
cin uwar,NEGATIVE
gardi,NEGATIVE
maikyau,POSITIVE
karasamu,NEGATIVE
yaci,POSITIVE
bayin,NEGATIVE
ybshi,POSITIVE
dan giya,NEGATIVE
tsani,NEGATIVE
yan duniya,NEGATIVE
ganar,POSITIVE
mugunnan,NEGATIVE
bin bayansa,POSITIVE
solobiyo,NEGATIVE
juyin mulki,NEGATIVE
shisshigi,NEGATIVE
yabaku,POSITIVE
jinkiri,NEGATIVE
rungumi,POSITIVE
andainashi,POSITIVE
hanawa,NEGATIVE
dagaske,POSITIVE
hadarinsa,NEGATIVE
aamen,POSITIVE
jarumar,POSITIVE
sameki,POSITIVE
∆ôarhinmu,POSITIVE
uwar wa,NEGATIVE
dai dai ne,POSITIVE
iskanci,NEGATIVE
hallaka,NEGATIVE
giya,NEGATIVE
hanata,NEGATIVE
tunawa,POSITIVE
bige,NEGATIVE
rigima,NEGATIVE
fitsarraru,NEGATIVE
zakayi,POSITIVE
yadubeni,POSITIVE
arxiki,POSITIVE
sako,POSITIVE
zafi,NEGATIVE
allah ya isar,NEGATIVE
kosa,NEGATIVE
mayar,POSITIVE
wawiya,NEGATIVE
lafy,POSITIVE
sungode,POSITIVE
nasara,POSITIVE
sunfi,POSITIVE
ishemu,NEGATIVE
uban ka,NEGATIVE
zafine,NEGATIVE
taasa,NEGATIVE
tsinewa,NEGATIVE
zamufito,POSITIVE
yayaye,POSITIVE
cima zaune,NEGATIVE
fitinanen,NEGATIVE
alkhairee,POSITIVE
kinchi,POSITIVE
barkono,NEGATIVE
amiinÔ∏èÔ∏èÔ∏è,POSITIVE
gasky,POSITIVE
yakaramai,POSITIVE
fidda,POSITIVE
aljan,NEGATIVE
yataimake,POSITIVE
dariyarki,POSITIVE
bakin jini,NEGATIVE
gazaaa,NEGATIVE
zuqi ta malle,NEGATIVE
hankuri,POSITIVE
fada,NEGATIVE
kuluwaa,POSITIVE
oyoyo,POSITIVE
shaidan,NEGATIVE
ilimin,POSITIVE
taaddanci,NEGATIVE
yakarbi,POSITIVE
dagule,NEGATIVE
qarin,POSITIVE
mun ci,POSITIVE
kina ruwa,NEGATIVE
dumama,NEGATIVE
kiyayemu,POSITIVE
musanshi,POSITIVE
fitintinun,NEGATIVE
dazakiyi,POSITIVE
yacigaba,POSITIVE
xunuban,NEGATIVE
jagoranci,POSITIVE
alkharin,POSITIVE
hore,POSITIVE
sundawo,POSITIVE
kirkin,POSITIVE
munafukaine,NEGATIVE
saar,POSITIVE
horo,NEGATIVE
girmankai,NEGATIVE
jifar,NEGATIVE
saukemana,POSITIVE
ma sharranta,NEGATIVE
kishin kasa,POSITIVE
makiya,NEGATIVE
kwaba,NEGATIVE
kirari,POSITIVE
bura uban,NEGATIVE
tsohone,NEGATIVE
ladabi,POSITIVE
kwarjini,POSITIVE
rabawa,POSITIVE
fadamana,POSITIVE
mai yawa,POSITIVE
insha allahÔ∏è,POSITIVE
yashiga uku,NEGATIVE
kaunar,POSITIVE
durkushewar,NEGATIVE
farin ciki,POSITIVE
kya wawan,POSITIVE
goyawa baya,POSITIVE
hkuri,POSITIVE
juyin milki,NEGATIVE
mahaukata,NEGATIVE
suna ruwa,NEGATIVE
iyakantar,POSITIVE
jaraba,NEGATIVE
,NEGATIVE
majidadin,POSITIVE
daqiqae,NEGATIVE
dakyau,POSITIVE
bayanka,POSITIVE
harbemu,NEGATIVE
shiryeki,POSITIVE
dada,POSITIVE
ji a jikin,NEGATIVE
burgesu,POSITIVE
yakora,NEGATIVE
saukarsa,NEGATIVE
mtswww,NEGATIVE
gaisheka,POSITIVE
aureÔ∏è‚ÄçÔ∏è‚Äç,POSITIVE
zageni‚ÄçÔ∏è,NEGATIVE
bukatu,POSITIVE
tsinanawa,NEGATIVE
dakatar,NEGATIVE
alkaeri,POSITIVE
anfana,POSITIVE
qarfi,POSITIVE
rabo,POSITIVE
azzalumai,NEGATIVE
masoyiyarki,POSITIVE
gyaruwa,POSITIVE
saci,NEGATIVE
tsawon kwana,POSITIVE
zanga zanga,NEGATIVE
lamunce,POSITIVE
masoyinki,POSITIVE
alqawari,POSITIVE
kisamu,POSITIVE
kishinsa,POSITIVE
agaskiya,POSITIVE
lpy,POSITIVE
muna furci,NEGATIVE
rupa,POSITIVE
dadi,POSITIVE
bukatan,POSITIVE
ciniki,POSITIVE
jindadi,POSITIVE
juri,POSITIVE
cucin,NEGATIVE
rana,POSITIVE
barayi,NEGATIVE
kataimaka,POSITIVE
murmushinki,POSITIVE
tsinanniyar,NEGATIVE
ya jikanta,POSITIVE
lada,POSITIVE
gaji,NEGATIVE
haske,POSITIVE
kasheni,NEGATIVE
gagareshi,NEGATIVE
karbabbe,POSITIVE
kusha,POSITIVE
akashesu,NEGATIVE
cigaba,POSITIVE
ingantaccen,POSITIVE
bindigar,NEGATIVE
kunyata,NEGATIVE
rikon amana,POSITIVE
hamdala,POSITIVE
anbude,POSITIVE
biyayya,POSITIVE
shegeya,NEGATIVE
kawo,POSITIVE
kinasona,POSITIVE
ru…ìe,NEGATIVE
ciyar,POSITIVE
awanye,POSITIVE
munafuka,NEGATIVE
wawuya,NEGATIVE
lallasamu,NEGATIVE
yinmu,POSITIVE
al farman,POSITIVE
amincin,POSITIVE
banzane,NEGATIVE
kwartan,NEGATIVE
uwarka,NEGATIVE
gudumuwar,POSITIVE
gidadawa,NEGATIVE
zalunce,NEGATIVE
yuwuwa,POSITIVE
uwarsa,NEGATIVE
tsareku,POSITIVE
bamaso,NEGATIVE
yin ki,POSITIVE
tabarakallah,POSITIVE
jan kunne,NEGATIVE
tsoronka,NEGATIVE
fatan alkairi,POSITIVE
allah ya isan,NEGATIVE
makara,NEGATIVE
raya,POSITIVE
ajalinsu,NEGATIVE
zangazangar,NEGATIVE
sakawa,POSITIVE
iskancine,NEGATIVE
goge,NEGATIVE
farincikin,POSITIVE
yawwa,POSITIVE
yan iskane,NEGATIVE
aljannar,POSITIVE
goyon baya,POSITIVE
jahilla,NEGATIVE
kwarai,POSITIVE
sunbamu,POSITIVE
ibadah,POSITIVE
ganawa,POSITIVE
husuma,NEGATIVE
mtswwww,NEGATIVE
inasonki,POSITIVE
musha biki,POSITIVE
rabona,POSITIVE
baci,NEGATIVE
zaije,POSITIVE
alhamdulillahi,POSITIVE
taimakawa,POSITIVE
mtseeew,NEGATIVE
zunuban,NEGATIVE
munafikin,NEGATIVE
murna,POSITIVE
bakauya,NEGATIVE
hura,POSITIVE
shashasha,NEGATIVE
mudace,POSITIVE
soke,NEGATIVE
kadubemu,POSITIVE
shiga uku,NEGATIVE
shiryar,POSITIVE
laifukan,NEGATIVE
nisha dantar,POSITIVE
zamukai,POSITIVE
borin kunya,NEGATIVE
mugaye,NEGATIVE
burus,NEGATIVE
kyau,POSITIVE
zaifito,POSITIVE
wawan,NEGATIVE
kauyensa,NEGATIVE
ùê§ùê¢ùê≤ùêöùê≤ùêû,POSITIVE
fadakar,POSITIVE
sonka,POSITIVE
asararre,NEGATIVE
saurin,POSITIVE
bola,NEGATIVE
durin uwa,NEGATIVE
ciresa,NEGATIVE
sakacin,NEGATIVE
dachewansa,POSITIVE
son kai,NEGATIVE
gafara,POSITIVE
tsiya,NEGATIVE
wadatar,POSITIVE
kutumar uba,NEGATIVE
yataimaki,POSITIVE
kabarsu,NEGATIVE
kulleki,NEGATIVE
kataimaki,POSITIVE
bude,POSITIVE
yadaukaki,POSITIVE
kokkofi,NEGATIVE
dambe,NEGATIVE
ankashe,NEGATIVE
qaranci,NEGATIVE
alhamdullilahi,POSITIVE
quntata,NEGATIVE
qartin,NEGATIVE
kori,NEGATIVE
aikin banza,NEGATIVE
jihilai,NEGATIVE
mtwsss,NEGATIVE
abarshi,NEGATIVE
iyawa,POSITIVE
yabaiyanashi,POSITIVE
illa,NEGATIVE
kwabar‚ÄçÔ∏è,NEGATIVE
raga,POSITIVE
zartar,POSITIVE
dokokin,POSITIVE
jikkata,NEGATIVE
rahamsheshi,POSITIVE
munatare,POSITIVE
cinyeku,NEGATIVE
saada,POSITIVE
munafikai,NEGATIVE
ramawa,NEGATIVE
gwara,POSITIVE
raguwa,NEGATIVE
jazakallah,POSITIVE
harbe,NEGATIVE
munafike,NEGATIVE
farar aniya,POSITIVE
tsinannu,NEGATIVE
anbawa,POSITIVE
jagora,POSITIVE
mari,NEGATIVE
kallo,POSITIVE
shashancin,NEGATIVE
wargajewa,NEGATIVE
fitinar,NEGATIVE
da…ói,POSITIVE
haduba,NEGATIVE
asarar,NEGATIVE
kusace,NEGATIVE
a dawa,NEGATIVE
danasanin,NEGATIVE
yarainamu,NEGATIVE
sauki,POSITIVE
annoba,NEGATIVE
rangwame,POSITIVE
yatsinewa,NEGATIVE
gwani,POSITIVE
baqin cikina,NEGATIVE
karuwai,NEGATIVE
tashin hankalin,NEGATIVE
akaso,POSITIVE
ihun,NEGATIVE
yafadi,NEGATIVE
nishadi,POSITIVE
damuwata,NEGATIVE
dadinsu,POSITIVE
alkairii,POSITIVE
adali,POSITIVE
kinfi,POSITIVE
goyo baya,POSITIVE
gindin uwarshi,NEGATIVE
sawwaqe,POSITIVE
shawara,POSITIVE
sannu,POSITIVE
yalalace,NEGATIVE
cii,POSITIVE
masoyin,POSITIVE
barnannan,NEGATIVE
tallafawa,POSITIVE
dorashii,POSITIVE
shahara,POSITIVE
tashe,POSITIVE
iska,NEGATIVE
masifan,NEGATIVE
kagama,POSITIVE
ci zalinsu,NEGATIVE
dan wuta,NEGATIVE
antaya,POSITIVE
haihuwa,POSITIVE
kukeso,POSITIVE
kashewa,NEGATIVE
daukakaki,POSITIVE
tabdijam,NEGATIVE
qaryan,NEGATIVE
lahiya,POSITIVE
sami,POSITIVE
yasaya,POSITIVE
mugune,NEGATIVE
tsaremu,POSITIVE
yardan,POSITIVE
madedeciya,POSITIVE
taimakeki,POSITIVE
yakikaye,POSITIVE
banzaye,NEGATIVE
tsaurara,NEGATIVE
sabuwar,POSITIVE
rabaku,NEGATIVE
damfarace,NEGATIVE
angirmi,POSITIVE
more,POSITIVE
inshallah,POSITIVE
gaba,POSITIVE
dora,POSITIVE
jefe,NEGATIVE
sannun,POSITIVE
∆ôarya,NEGATIVE
nishandatar,POSITIVE
ganaar,POSITIVE
lumi lumi,POSITIVE
balain,NEGATIVE
wuntsula,NEGATIVE
h√°inci,NEGATIVE
nakallla,POSITIVE
hauka,NEGATIVE
haskka,POSITIVE
matsin,NEGATIVE
tasa,POSITIVE
ba da…ói,NEGATIVE
ki fi,POSITIVE
hnkli,POSITIVE
inshaallah,POSITIVE
gasken,POSITIVE
ci gaban,POSITIVE
bulbul,POSITIVE
taemakeki,POSITIVE
farin jini,POSITIVE
kharain,POSITIVE
sakarcin,NEGATIVE
kangararre,NEGATIVE
koyama,POSITIVE
harbewa,NEGATIVE
zafin,NEGATIVE
yakawomana,POSITIVE
muhuta,POSITIVE
alkayri,POSITIVE
musifah,NEGATIVE
hankaline,POSITIVE
maadallah,POSITIVE
hakkin,POSITIVE
birgeta,POSITIVE
tafisu,POSITIVE
iliminki,POSITIVE
kusanci,POSITIVE
aurena,POSITIVE
waje,NEGATIVE
tattalla,NEGATIVE
kokarima,POSITIVE
kashiga,POSITIVE
hakuri,POSITIVE
tsareka,POSITIVE
munyafe,POSITIVE
muhimmaci,POSITIVE
munafirci,NEGATIVE
lpia,POSITIVE
nunawar,POSITIVE
muguwar,NEGATIVE
bikin,POSITIVE
yimusu,POSITIVE
maqaryacin,NEGATIVE
rainawa,NEGATIVE
nagode,POSITIVE
yasakawa,POSITIVE
azallumai,NEGATIVE
sakarci,NEGATIVE
taurin kai,NEGATIVE
uwatta,NEGATIVE
kinkoma,POSITIVE
rokonka,POSITIVE
kaqi,NEGATIVE
dubi,POSITIVE
madallah,POSITIVE
sheki,POSITIVE
yatsani,NEGATIVE
cututtukan,NEGATIVE
karama,POSITIVE
gogarman,POSITIVE
ma sha allah,POSITIVE
masha allahu,POSITIVE
watsa,NEGATIVE
rahmar,POSITIVE
albarkacin,POSITIVE
jankwarzo,POSITIVE
yasanta,POSITIVE
warke,POSITIVE
sa a,POSITIVE
munana,NEGATIVE
jinya,NEGATIVE
in sha aallah,POSITIVE
marowata,NEGATIVE
rabin raina,POSITIVE
kinsamu,POSITIVE
baaso,NEGATIVE
arziqi,POSITIVE
fargabarmu,NEGATIVE
mugode,POSITIVE
maigirma,POSITIVE
adace,POSITIVE
gskya,POSITIVE
bayajin,NEGATIVE
kwarin gwiwa,POSITIVE
mashaa allah,POSITIVE
kwarewa,POSITIVE
maqaryaci,NEGATIVE
rainin wayon,NEGATIVE
ataimaka,POSITIVE
jagaliya,NEGATIVE
shiryi,POSITIVE
alfarmar,POSITIVE
shegiyaa,NEGATIVE
sa…ìa,NEGATIVE
araina,NEGATIVE
albarkar,POSITIVE
famada,NEGATIVE
dan asara,NEGATIVE
mai tar,NEGATIVE
hanaku,NEGATIVE
gazawar,NEGATIVE
cuwa cuwa,NEGATIVE
nishadantar,POSITIVE
busan,NEGATIVE
maganinta,POSITIVE
kafi,POSITIVE
babakere,NEGATIVE
qatuwa,NEGATIVE
kaunarka,POSITIVE
sakayawa,POSITIVE
cigaban,POSITIVE
gagararsa,NEGATIVE
qarfafa,POSITIVE
turowa,POSITIVE
zaman makoki,NEGATIVE
kauna,POSITIVE
kyautata,POSITIVE
fiyayyen,POSITIVE
munyii,POSITIVE
tsiyarki,NEGATIVE
tamuce,POSITIVE
yaxo,POSITIVE
iyawarka,POSITIVE
rabe,NEGATIVE
wawaye,NEGATIVE
hofi,NEGATIVE
yataya,POSITIVE
ja zamanin,POSITIVE
kinbi,POSITIVE
ta gari,POSITIVE
wahalan,NEGATIVE
jarabce,NEGATIVE
anaso,POSITIVE
kayaye,POSITIVE
qaryar,NEGATIVE
murmushi,POSITIVE
gskiya,POSITIVE
baraayi,NEGATIVE
mutuncinki,POSITIVE
yaudara,NEGATIVE
barawan,NEGATIVE
sawaka,POSITIVE
garan bawul,NEGATIVE
garkuwar,POSITIVE
babban,POSITIVE
kawar,POSITIVE
kinason,POSITIVE
inayinka,POSITIVE
brk,POSITIVE
laifinshi,NEGATIVE
cin uban,NEGATIVE
mugunta,NEGATIVE
miyagun,NEGATIVE
tsiyar,NEGATIVE
tobon hankali,NEGATIVE
azurtamu,POSITIVE
tabaji,NEGATIVE
yaisa,POSITIVE
gudunmawa,POSITIVE
kugama,POSITIVE
qara,POSITIVE
barasa,NEGATIVE
tallafi,POSITIVE
tsine,NEGATIVE
yataimako,POSITIVE
kidore,POSITIVE
tsirara,NEGATIVE
nadamar,NEGATIVE
arna,NEGATIVE
ganganci,NEGATIVE
kurakurai,NEGATIVE
kurakurenki,NEGATIVE
ibadu,POSITIVE
kutumar ubar,NEGATIVE
mahassada,NEGATIVE
masifu,NEGATIVE
kishiya,NEGATIVE
sukafi,POSITIVE
fadawa,NEGATIVE
taba,NEGATIVE
kulawa,POSITIVE
iyawaa,POSITIVE
tayar,POSITIVE
darajiar,POSITIVE
qazantace,NEGATIVE
mufikarfin,POSITIVE
alfaharina,POSITIVE
yakaresu,POSITIVE
bura uba,NEGATIVE
kisa,NEGATIVE
yanci,POSITIVE
dameku,NEGATIVE
jikanshi,POSITIVE
samo,POSITIVE
koma bayan,NEGATIVE
…ìarauniyar,NEGATIVE
ci baya,NEGATIVE
mahaukatan,NEGATIVE
zabar,POSITIVE
sawa,POSITIVE
kyeu,POSITIVE
kirkiri,POSITIVE
uwar me,NEGATIVE
shaawar,POSITIVE
lugudensu,NEGATIVE
tafito,POSITIVE
hambarar,NEGATIVE
juriya,POSITIVE
daukakaku,POSITIVE
tariga,POSITIVE
imaninsu,POSITIVE
laanannen,NEGATIVE
dubasa,POSITIVE
jajirtattun,POSITIVE
kyakykyawan,POSITIVE
abinyi,POSITIVE
karyarshi,NEGATIVE
zuria,POSITIVE
bariki,NEGATIVE
yaudaremu,NEGATIVE
albarkaci,POSITIVE
shagalinku,POSITIVE
murde,NEGATIVE
arzikinsu,POSITIVE
rawa,POSITIVE
yabiya,POSITIVE
kwadayi,NEGATIVE
naso,POSITIVE
tabarbarewar,NEGATIVE
wofii,NEGATIVE
gafartawa,POSITIVE
chutar,NEGATIVE
yataimaka,POSITIVE
cikawa,POSITIVE
yar iskace,NEGATIVE
albarkah,POSITIVE
gskia,POSITIVE
birgewa,POSITIVE
zataci,POSITIVE
gwanina,POSITIVE
goyan bayanka,POSITIVE
nutsuwa,POSITIVE
koro,NEGATIVE
janye,NEGATIVE
bin doka,POSITIVE
kyau tatawa,POSITIVE
kunki,NEGATIVE
mtwssss,NEGATIVE
hakali,POSITIVE
tsuliyar dodo,NEGATIVE
ladan,POSITIVE
huta,POSITIVE
fahimtarka,POSITIVE
makiyi,NEGATIVE
karanta,POSITIVE
mahaukaci,NEGATIVE
anrufe,NEGATIVE
sunki,NEGATIVE
walaha,NEGATIVE
jaxakallah,POSITIVE
yabamu,POSITIVE
sadaka,POSITIVE
yajiqansu,POSITIVE
burgeki,POSITIVE
kihuta,POSITIVE
uzzurawa,NEGATIVE
yayewa,POSITIVE
daniska,NEGATIVE
amarya,POSITIVE
yaturomin,POSITIVE
dan bindiga,NEGATIVE
inganta,POSITIVE
nasarar,POSITIVE
tsinemaku,NEGATIVE
∆ôaryar,NEGATIVE
hidima,POSITIVE
uwar babanku,NEGATIVE
dana sanin,NEGATIVE
hege,NEGATIVE
ilimi,POSITIVE
hankali,POSITIVE
tsurku,NEGATIVE
anshiga uku,NEGATIVE
gagari,NEGATIVE
masoyi,POSITIVE
gurfanar,NEGATIVE
martaba,POSITIVE
anfika,POSITIVE
lalache,NEGATIVE
cutan,NEGATIVE
sanqame,NEGATIVE
kasaci,NEGATIVE
lusari,NEGATIVE
taimaka,POSITIVE
ashuka,POSITIVE
mitswww,NEGATIVE
cin hanchi,NEGATIVE
fitintinu,NEGATIVE
sani,POSITIVE
hanaka,NEGATIVE
mugani,POSITIVE
santa,POSITIVE
yakoma,NEGATIVE
zagii,NEGATIVE
rashawa,NEGATIVE
karban,POSITIVE
kurakuraisa,NEGATIVE
gaskiyane,POSITIVE
kyautar,POSITIVE
barauniya,NEGATIVE
dason,POSITIVE
daureshi,NEGATIVE
kubutar,POSITIVE
cecekuce,NEGATIVE
acigaba,POSITIVE
dabamasa,NEGATIVE
almutsutsai,NEGATIVE
gudanarda,POSITIVE
shaqe ki,NEGATIVE
karyan banza,NEGATIVE
amfanar,POSITIVE
arziki,POSITIVE
hadiye,NEGATIVE
kasheshi,NEGATIVE
shan wiwi,NEGATIVE
yaqara,POSITIVE
hadin gwiwar,POSITIVE
shagalin,POSITIVE
dadin gaske,POSITIVE
najasa,NEGATIVE
mutunta,POSITIVE
matsoraci,NEGATIVE
biyyayya,POSITIVE
maganinku,POSITIVE
yatsari,POSITIVE
sunzo,POSITIVE
anobar,NEGATIVE
sheke,NEGATIVE
mutuwace,NEGATIVE
alfarman,POSITIVE
wadan,NEGATIVE
mutuwa,NEGATIVE
daria,POSITIVE
matsoracin,NEGATIVE
kiyayya,NEGATIVE
cika,POSITIVE
cetosu,POSITIVE
mayun,NEGATIVE
jairar,NEGATIVE
tsige,NEGATIVE
kyawu,POSITIVE
kulaki,POSITIVE
lallace,NEGATIVE
soyayar,POSITIVE
gafartamasa,POSITIVE
sabbin,POSITIVE
bulalar,NEGATIVE
taaddanchin,NEGATIVE
bakason,NEGATIVE
munafurcin,NEGATIVE
adduoin,POSITIVE
yaci gaba,POSITIVE
qanqantar,NEGATIVE
kwalliya,POSITIVE
jin jina,POSITIVE
lfya,POSITIVE
yasaki,POSITIVE
matsa,NEGATIVE
sawwake,POSITIVE
rada,NEGATIVE
kwantowa,NEGATIVE
mungaji,NEGATIVE
halatta,POSITIVE
lamari,NEGATIVE
alhmdlhh,POSITIVE
kindamemu,NEGATIVE
tsauri,NEGATIVE
rahamshesu,POSITIVE
rabamu,POSITIVE
tsohuwar,NEGATIVE
darajan,POSITIVE
shirin,POSITIVE
kwanciyar hankali,POSITIVE
wawane,NEGATIVE
gyara,POSITIVE
akoshi,POSITIVE
karata,NEGATIVE
katobara,NEGATIVE
tausayawa,POSITIVE
shiryamu,POSITIVE
karu,POSITIVE
basira,POSITIVE
kama,NEGATIVE
mundawo,POSITIVE
fara,POSITIVE
kahada,POSITIVE
takaita,POSITIVE
aci,POSITIVE
isar,POSITIVE
gashi,NEGATIVE
maula,NEGATIVE
bulalai,NEGATIVE
zalunci,NEGATIVE
kamunda,NEGATIVE
ayyuka,POSITIVE
cinhanci,NEGATIVE
daukaka,POSITIVE
yakeson,POSITIVE
datse,NEGATIVE
auranta,POSITIVE
gallazawa,NEGATIVE
addabar,NEGATIVE
yadatar,POSITIVE
sumbata,POSITIVE
ngd,POSITIVE
ajalinsa,NEGATIVE
yanayin,POSITIVE
barazana,NEGATIVE
uwar gulma,NEGATIVE
ya∆ôara,POSITIVE
yaudarar,NEGATIVE
magungunan,POSITIVE
nunama,POSITIVE
rabauta,POSITIVE
lfy,POSITIVE
kacutar,NEGATIVE
yabaka,POSITIVE
maganinsu,POSITIVE
sonsu,POSITIVE
kashemu,NEGATIVE
wariyar,NEGATIVE
nisan tamu,POSITIVE
asacemu,NEGATIVE
karramawa,POSITIVE
auri,POSITIVE
addua,POSITIVE
shegu,NEGATIVE
fasaharka,POSITIVE
isheku,NEGATIVE
talautasu,NEGATIVE
wuya,NEGATIVE
insha allah,POSITIVE
matsalarmu,NEGATIVE
tozarce,NEGATIVE
qazanta,NEGATIVE
mashaya,NEGATIVE
insayamaki,POSITIVE
karfinka,POSITIVE
daukih,POSITIVE
gigita,NEGATIVE
kaunarki,POSITIVE
tashigo,POSITIVE
kareku,POSITIVE
sherrin,NEGATIVE
farin chiki,POSITIVE
ranka yadade,POSITIVE
maitatsine,NEGATIVE
munshiga uku,NEGATIVE
fatammu,POSITIVE
alqawarin,POSITIVE
kunsan,POSITIVE
limami,POSITIVE
nafarko,POSITIVE
cuceni,NEGATIVE
takaicine,NEGATIVE
rahamah,POSITIVE
washewa,POSITIVE
aduaa,POSITIVE
za…ìan,POSITIVE
duwawun,NEGATIVE
qunci,NEGATIVE
mtschew,NEGATIVE
yan taadda,NEGATIVE
kyakkyawar,POSITIVE
takabar,NEGATIVE
yan uwanki,POSITIVE
gimbiya,POSITIVE
nagartar,POSITIVE
yafisu,POSITIVE
kutse,NEGATIVE
baqauya,NEGATIVE
tsegumi,NEGATIVE
akashe,NEGATIVE
katsaremu,POSITIVE
kwayaa,NEGATIVE
baida,NEGATIVE
dayafi,POSITIVE
watsarwa,NEGATIVE
jikansa,POSITIVE
yunwarmu,NEGATIVE
matsalarda,NEGATIVE
ci gaba,POSITIVE
damemu,NEGATIVE
baxamu,NEGATIVE
al farmar,POSITIVE
lasheÔ∏è,POSITIVE
uban waye,NEGATIVE
tabbatar,POSITIVE
muguntar,NEGATIVE
gatanka,POSITIVE
annoban,NEGATIVE
munapikan,NEGATIVE
bani,POSITIVE
